CREATE TABLE `Students` (
	`StudentID` varchar(10) NOT NULL  ,
	`FirstName` varchar(20) NOT NULL,
	`LastName` varchar(20) NOT NULL,
	`Photo` varchar(500) NOT NULL,
	`Telephone` varchar(50) NOT NULL,
	`Address` varchar(100) NOT NULL,
	`Email` varchar(30) NOT NULL,
	`LevelOfStudies` int NOT NULL,
	`Semester` int NOT NULL,
	PRIMARY KEY (`StudentID`)
);

CREATE TABLE `Lessons` (
	`LessonID` varchar(10) NOT NULL  ,
	`Title` varchar(100) NOT NULL,
	`Description` varchar(1000) NOT NULL,
	`Type` varchar(100) NOT NULL,
	`Semester` int NOT NULL,
	`LevelOfStudies` varchar(100) NOT NULL,
	`OfficialWebsite` varchar(100),
	`EclassLink` varchar(100),
	`EudoxusLink` varchar(100),
	`EctsΔ` int NOT NULL,
	`EctsΑ` int NOT NULL,
	`EctsΕ` int NOT NULL,
	`Sector` varchar(100) NOT NULL,
	`SystemOfExamination` varchar(200) NOT NULL,
	`TeachingHoursAndPlace` varchar(100),
	`StatisticsOfEvaluations` varchar(200) NOT NULL,
	`Curriculum` varchar(300) NOT NULL,
	PRIMARY KEY (`LessonID`)
);

CREATE TABLE `Members` (
	`ID` varchar(10) NOT NULL  ,
	`Password` varchar(100) NOT NULL,
	`FirstName` varchar(20) NOT NULL,
	`LastName` varchar(20) NOT NULL,
	`Role` varchar(20) NOT NULL,
	PRIMARY KEY (`ID`)
);

CREATE TABLE `Secretariat` (
	`SecretariatID` varchar(10) NOT NULL  ,
	`FirstName` varchar(20) NOT NULL,
	`LastName` varchar(20) NOT NULL,
	`Photo` varchar(500) NOT NULL,
	`Telephone` varchar(100) NOT NULL,
	`Fax` varchar(100) NOT NULL,
	`Email` varchar(100) NOT NULL,
	PRIMARY KEY (`SecretariatID`)
);

CREATE TABLE `Professors` (
	`ProfessorID` varchar(10) NOT NULL  ,
	`FirstName` varchar(20) NOT NULL  ,
	`LastName` varchar(20) NOT NULL,
	`Role` varchar(100) NOT NULL,
	`Photo` varchar(500) NOT NULL,
	`Resume` varchar(100) NOT NULL,
	`Sector` varchar(100),
	`Telephone` varchar(50) NOT NULL,
	`Fax` varchar(100),
	`Email` varchar(100) NOT NULL,
	`ΗoursForStudents` varchar(100) NOT NULL,
	`Website` varchar(100) NOT NULL,
	`GoogleScholar` varchar(100),
	PRIMARY KEY (`ProfessorID`)
);

CREATE TABLE `Books` (
	`ISBN` varchar(100) NOT NULL  ,
	`Title` varchar(100) NOT NULL,
	`Author` varchar(100) NOT NULL,
	`YearΟfPublishing` int NOT NULL,
	`PublicationNumber` int NOT NULL,
	`Publisher` varchar(100) NOT NULL,
	`Description` varchar(1000) NOT NULL,
	`Cover` varchar(500) NOT NULL,
	PRIMARY KEY (`ISBN`)
);

CREATE TABLE `Students_Lessons_enroll` (
	`StudentID` varchar(10) NOT NULL  ,
	`LessonID` varchar(10) NOT NULL  ,
	PRIMARY KEY (`StudentID`,`LessonID`)
);

CREATE TABLE `Lesson_Book` (
	`LessonID` varchar(10) NOT NULL  ,
	`ISBN` varchar(100) NOT NULL  ,
	PRIMARY KEY (`LessonID`,`ISBN`)
);

CREATE TABLE `ScientificPublications` (
	`PublicationID` varchar(100) NOT NULL  ,
	`Title` varchar(100) NOT NULL,
	`YearOfPublish` DATE NOT NULL,
	PRIMARY KEY (`PublicationID`)
);

CREATE TABLE `Professors_Publications` (
	`ProfessorID` varchar(10) NOT NULL  ,
	`PublicationID` varchar(100) NOT NULL  ,
	PRIMARY KEY (`ProfessorID`,`PublicationID`)
);

CREATE TABLE `Professor_Lessons_ThisYear` (
	`ProfessorID` varchar(10) NOT NULL  ,
	`LessonID` varchar(10) NOT NULL  ,
	`StudyScheduleID` varchar(50) NOT NULL  ,
	PRIMARY KEY (`ProfessorID`,`LessonID`,`StudyScheduleID`)
);

CREATE TABLE `Professor_Lessons_LastYears` (
	`ProfessorID` varchar(10) NOT NULL  ,
	`LessonID` varchar(10) NOT NULL  ,
	`StudyScheduleID` varchar(50) NOT NULL  ,
	PRIMARY KEY (`ProfessorID`,`LessonID`,`StudyScheduleID`)
);

CREATE TABLE `Comments` (
	`CommentID` varchar(100) NOT NULL  ,
	`CommentText` varchar(100000) NOT NULL,
	PRIMARY KEY (`CommentID`)
);

CREATE TABLE `Lesson_Comments` (
	`LessonID` varchar(10) NOT NULL  ,
	`CommentID` varchar(100) NOT NULL  ,
	`StudentID` varchar(10) NOT NULL  ,
	PRIMARY KEY (`LessonID`,`CommentID`,`StudentID`)
);

CREATE TABLE `Week_Schedule` (
	`LessonID` varchar(10) NOT NULL,
	`Days` varchar(100) NOT NULL,
	`Hours` varchar(100) NOT NULL,
	`PlaceOfTeaching` varchar(100) NOT NULL
);

CREATE TABLE `Academic_Calendar` (
	`Semester` varchar(100) NOT NULL,
	`Start` DATE NOT NULL,
	`End` DATE NOT NULL,
	`Season` varchar(100) NOT NULL,
	`TypeOfHoliday` varchar(100) NOT NULL
);

CREATE TABLE `Announcements` (
	`ID` varchar(100) NOT NULL  ,
	`Header` varchar(100) NOT NULL,
	`Content` varchar(10000000) NOT NULL,
	`Category` varchar(100) NOT NULL,
	`date` DATETIME NOT NULL,
	PRIMARY KEY (`ID`)
);

CREATE TABLE `Attachments` (
	`ID` varchar(100) NOT NULL,
	`dir` varchar(100) NOT NULL ,
	PRIMARY KEY (`dir`)
);

CREATE TABLE `Relative_Courses` (
	`LessonID` varchar(10) NOT NULL  ,
	`RelativeLessonID` varchar(10) NOT NULL  ,
	PRIMARY KEY (`LessonID`,`RelativeLessonID`)
);

CREATE TABLE `Lessons_Labs` (
	`LessonID` varchar(10) NOT NULL  ,
	`LabID` varchar(10) NOT NULL  ,
	PRIMARY KEY (`LessonID`,`LabID`)
);

CREATE TABLE `Passed_Lessons` (
	`StudentID` varchar(10) NOT NULL  ,
	`LessonID` varchar(10) NOT NULL  ,
	PRIMARY KEY (`StudentID`,`LessonID`)
);

CREATE TABLE `Study_Guide` (
	`url` varchar(100) NOT NULL,
	`id` varchar(100) NOT NULL  ,
	`name` varchar(100) NOT NULL,
	PRIMARY KEY (`id`)
);

CREATE TABLE `Study_Schedule` (
	`id` varchar(100) NOT NULL  ,
	`name` varchar(100) NOT NULL,
	PRIMARY KEY (`id`)
);

CREATE TABLE `Usefull_Documents` (
	`dir` varchar(500) NOT NULL,
	`title` varchar(100) NOT NULL,
	`category` varchar(50) NOT NULL,
	PRIMARY KEY (`title`,`category`)
);

ALTER TABLE `Students` ADD CONSTRAINT `Students_fk0` FOREIGN KEY (`StudentID`) REFERENCES `Members`(`ID`);

ALTER TABLE `Secretariat` ADD CONSTRAINT `Secretariat_fk0` FOREIGN KEY (`SecretariatID`) REFERENCES `Members`(`ID`);

ALTER TABLE `Professors` ADD CONSTRAINT `Professors_fk0` FOREIGN KEY (`ProfessorID`) REFERENCES `Members`(`ID`);

ALTER TABLE `Students_Lessons_enroll` ADD CONSTRAINT `Students_Lessons_enroll_fk0` FOREIGN KEY (`StudentID`) REFERENCES `Students`(`StudentID`);

ALTER TABLE `Students_Lessons_enroll` ADD CONSTRAINT `Students_Lessons_enroll_fk1` FOREIGN KEY (`LessonID`) REFERENCES `Lessons`(`LessonID`);

ALTER TABLE `Lesson_Book` ADD CONSTRAINT `Lesson_Book_fk0` FOREIGN KEY (`LessonID`) REFERENCES `Lessons`(`LessonID`);

ALTER TABLE `Lesson_Book` ADD CONSTRAINT `Lesson_Book_fk1` FOREIGN KEY (`ISBN`) REFERENCES `Books`(`ISBN`);

ALTER TABLE `Professors_Publications` ADD CONSTRAINT `Professors_Publications_fk0` FOREIGN KEY (`ProfessorID`) REFERENCES `Professors`(`ProfessorID`);

ALTER TABLE `Professors_Publications` ADD CONSTRAINT `Professors_Publications_fk1` FOREIGN KEY (`PublicationID`) REFERENCES `ScientificPublications`(`PublicationID`);

ALTER TABLE `Professor_Lessons_ThisYear` ADD CONSTRAINT `Professor_Lessons_ThisYear_fk0` FOREIGN KEY (`ProfessorID`) REFERENCES `Professors`(`ProfessorID`);

ALTER TABLE `Professor_Lessons_ThisYear` ADD CONSTRAINT `Professor_Lessons_ThisYear_fk1` FOREIGN KEY (`LessonID`) REFERENCES `Lessons`(`LessonID`);

ALTER TABLE `Professor_Lessons_ThisYear` ADD CONSTRAINT `Professor_Lessons_ThisYear_fk2` FOREIGN KEY (`StudyScheduleID`) REFERENCES `study_schedule`(`id`);

ALTER TABLE `Professor_Lessons_LastYears` ADD CONSTRAINT `Professor_Lessons_LastYears_fk0` FOREIGN KEY (`ProfessorID`) REFERENCES `Professors`(`ProfessorID`);

ALTER TABLE `Professor_Lessons_LastYears` ADD CONSTRAINT `Professor_Lessons_LastYears_fk1` FOREIGN KEY (`LessonID`) REFERENCES `Lessons`(`LessonID`);

ALTER TABLE `Professor_Lessons_LastYears` ADD CONSTRAINT `Professor_Lessons_LastYears_fk2` FOREIGN KEY (`StudyScheduleID`) REFERENCES `study_schedule`(`id`);

ALTER TABLE `Lesson_Comments` ADD CONSTRAINT `Lesson_Comments_fk0` FOREIGN KEY (`LessonID`) REFERENCES `Lessons`(`LessonID`);

ALTER TABLE `Lesson_Comments` ADD CONSTRAINT `Lesson_Comments_fk1` FOREIGN KEY (`CommentID`) REFERENCES `Comments`(`CommentID`);

ALTER TABLE `Lesson_Comments` ADD CONSTRAINT `Lesson_Comments_fk2` FOREIGN KEY (`StudentID`) REFERENCES `Students`(`StudentID`);

ALTER TABLE `Week_Schedule` ADD CONSTRAINT `Week_Schedule_fk0` FOREIGN KEY (`LessonID`) REFERENCES `Lessons`(`LessonID`);


ALTER TABLE `Attachments` ADD CONSTRAINT `Attachments_fk0` FOREIGN KEY (`ID`) REFERENCES `announcements`(`ID`);

ALTER TABLE `Relative_Courses` ADD CONSTRAINT `Relative_Courses_fk0` FOREIGN KEY (`LessonID`) REFERENCES `Lessons`(`LessonID`);

ALTER TABLE `Relative_Courses` ADD CONSTRAINT `Relative_Courses_fk1` FOREIGN KEY (`RelativeLessonID`) REFERENCES `Lessons`(`LessonID`);

ALTER TABLE `Lessons_Labs` ADD CONSTRAINT `Lessons_Labs_fk0` FOREIGN KEY (`LessonID`) REFERENCES `Lessons`(`LessonID`);

ALTER TABLE `Lessons_Labs` ADD CONSTRAINT `Lessons_Labs_fk1` FOREIGN KEY (`LabID`) REFERENCES `Lessons`(`LessonID`);

ALTER TABLE `Passed_Lessons` ADD CONSTRAINT `Passed_Lessons_fk0` FOREIGN KEY (`StudentID`) REFERENCES `Students`(`StudentID`);

ALTER TABLE `Passed_Lessons` ADD CONSTRAINT `Passed_Lessons_fk1` FOREIGN KEY (`LessonID`) REFERENCES `Lessons`(`LessonID`);

INSERT INTO study_schedule VALUES ('1','Study guide 2016-2017');


INSERT INTO lessons VALUES ('ECE_Y101','Διαφορικός Λογισμός και Μαθηματική Ανάλυση','Πραγματικοί Αριθμοί. Αξιώματα του R. Bασικές τοπολογικές έννοιες στο R. Συναρτήσεις μιας μεταβλητής. Συνέχεια σε σημείο. Συνέχεια σε διάστημα. Παράγωγος. Διαφορικό συνάρτησης. Παράγωγος συνθέτου συναρτήσεως και παράγωγοι ανωτέρας τάξεως. Βασικά Θεωρήματα Διαφορικού Λογισμού. Επαναληπτική μέθοδος επίλυσης εξισώσεων. Ακρότατα. Ανάπτυγμα Taylor. Σειρές Taylor. Ομοιόμορφη σύγκλιση ακολουθίας συναρτήσεων και σειράς συναρτήσεων. Αόριστο Ολοκλήρωμα. Ολοκλήρωμα Riemann. Βασικά Θεωρήματα ολοκληρωτικού Λογισμού. Εμβαδά. Λείες καμπύλες. Μήκος καμπύλης. Αριθμητική ολοκλήρωση. Ακολουθίες. Σύγκλιση ακολουθίας. Κριτήριο Cauchy. Μονότονες ακολουθίες. Αριθμητικές σειρές. Κριτήρια σύγκλισης. Απόλυτη και υπό συνθήκη σύγκλιση. Εναλλάσσουσες σειρές. Αναδιάταξη σειρών. Γινόμενο σειρών. Δυναμοσειρά και ακτίνα σύγκλισής της. Γενικευμένα Ολοκληρώματα. Βασικές προτάσεις συγκλίσεως. Απόλυτη σύγκλιση. Σύγκλιση υπό συνθήκη.','ΔΙΔΑΣΚΑΛΙΑ',1,'Postgraduate','LESSON_LINK','ECLASS_LINK','EVDO3OS_LINK',4,2,0,'ΒΑΣΙΚΟΣ ΚΟΡΜΟΣ','ΓΡΑΠΤΗ','ΩΡΕΣ','ΣΤΑΤΙΣΤΙΚΑ','ΥΛΗ');

INSERT INTO lessons VALUES ('ECE_Y102','Φυσική 1','Μηχανική:
Αδρανειακά συστήματα. Έργο-ενέργεια. Δυναμική ενέργεια και διατηρητικά συστήματα. Περιστροφική κίνηση υλικού σημείου. Περιστροφή στερεού σώματος. Ορισμός ροπής και ροπής αδράνειας. Νόμοι του Νεύτωνα στην περιστροφή. Κύλιση και στροφορμή. Ταλαντώσεις. Αρμονικός ταλαντωτής. Προσέγγιση μικρών ταλαντώσεων. Ορισμός κύματος. Διάδοση κυμάτων. Συμβολή κυμάτων. Στάσιμα κύματα. 
Θερμοδυναμική: 
Ορισμός θερμότητας και θερμοκρασίας. Θερμιδομετρία και ειδική θερμότητα υλικών. Θερμική διαστολή. Αλλαγές φάσεων και λανθάνουσα θερμότητα. Ορισμός εσωτερικής ενέργειας. Ο πρώτος νόμος της θερμοδυναμικής. Διάδοση της θερμότητας. Ορισμός εντροπίας και ο δεύτερος θερμοδυναμικός νόμος. Θερμικές μηχανές. Θερμοδυναμικές μεταβολές. Κινητική θεωρία ιδανικού αερίου. Κατανομή Maxwell-Boltzmann για αέρια σε διάφορες θερμοκρασίες.','ΔΙΔΑΣΚΑΛΙΑ',1,'Postgraduate','LESSON_LINK','ECLASS_LINK','EVDO3OS_LINK',3,1,2,'ΒΑΣΙΚΟΣ ΚΟΡΜΟΣ','ΓΡΑΠΤΗ','ΩΡΕΣ','ΣΤΑΤΙΣΤΙΚΑ','ΥΛΗ');

INSERT INTO lessons VALUES ('ECE_Y103N','Εισαγωγή στους Υπολογιστές','Μέρος Α: Εισαγωγή στον προγραμματισμό με τη Γλώσσα PYTHON, βασικές αλγοριθμικές δομές, δομές δεδομένων. Μέρος Β: Εισαγωγή στην επιστήμη των υπολογιστών με εργαλείο μια γλώσσα προγραμματισμού: Ψηφιοποίηση και μετάδοση ψηφιακής πληροφορίας. Οργάνωση υπολογιστών: επεξεργαστής, ιεραρχία μνήμης, συσκευές εισόδου/εξόδου. Λειτουργικά συστήματα. Εισαγωγή στα δίκτυα υπολογιστών και στο Διαδίκτυο.','ΔΙΔΑΣΚΑΛΙΑ',1,'Postgraduate','LESSON_LINK','ECLASS_LINK','EVDO3OS_LINK',4,1,2,'ΒΑΣΙΚΟΣ ΚΟΡΜΟΣ','ΓΡΑΠΤΗ','ΩΡΕΣ','ΣΤΑΤΙΣΤΙΚΑ','ΥΛΗ');

INSERT INTO lessons VALUES ('ECE_Y103L','Εισαγωγή στους Υπολογιστές','Το μάθημα περιλαμβάνει εργαστηριακές ασκήσεις που αφορούν αλγοριθμική και προγραμματισμό και ομαδικές εργασίες.','ΕΡΓΑΣΤΗΡΙΟ',1,'Postgraduate','LESSON_LINK','ECLASS_LINK','EVDO3OS_LINK',4,1,2,'ΒΑΣΙΚΟΣ ΚΟΡΜΟΣ','ΓΡΑΠΤΗ','ΩΡΕΣ','ΣΤΑΤΙΣΤΙΚΑ','ΥΛΗ');

INSERT INTO lessons VALUES ('ECE_Y102Ε','Φυσική 1','','ΕΡΓΑΣΤΗΡΙΟ',1,'Postgraduate','LESSON_LINK','ECLASS_LINK','EVDO3OS_LINK',4,1,2,'ΒΑΣΙΚΟΣ ΚΟΡΜΟΣ','ΓΡΑΠΤΗ','ΩΡΕΣ','ΣΤΑΤΙΣΤΙΚΑ','ΥΛΗ');

INSERT INTO lessons VALUES ('ECE_Y104','Γραμμική Άλγεβρα','Πίνακες και Άλγεβρα πινάκων. Γραμμικά συστήματα. Ανάστροφος πίνακας και ιδιότητες. Απαλοιφή Gauss, μερική οδήγηση και ανάλυση σε τριγωνικούς πίνακες. Ορίζουσα και ιδιότητες. Αντίστροφος πίνακας. Απαλοιφή Gauss-Jordan. Τάξη πίνακα και υπολογισμός τάξης. Κανονική μορφή. Ομογενή και μη-ομογενή συστήματα. Εισαγωγή στους διανυσματικούς χώρους. Γραμμική εξάρτηση διανυσμάτων. Ιδιοτιμές και ιδιοδιανύσματα: ορισμοί και ιδιότητες. Ομοιότητα και διαγωνοποίηση. Τετραγωνικές μορφές. Πολυώνυμα πινάκων και το θεώρημα Cayley-Hamilton. Συναρτήσεις πινάκων. Η εκθετική συνάρτηση. ','ΔΙΔΑΣΚΑΛΙΑ',1,'Postgraduate','LESSON_LINK','ECLASS_LINK','EVDO3OS_LINK',2,1,0,'ΒΑΣΙΚΟΣ ΚΟΡΜΟΣ','ΓΡΑΠΤΗ','ΩΡΕΣ','ΣΤΑΤΙΣΤΙΚΑ','ΥΛΗ');

INSERT INTO lessons VALUES ('ECE_Y111','Τεχνικό Σχέδιο ','Μηχανολογικό Σχέδιο: γράμματα και αριθμοί, είδη και πάχη γραμμών, σύνδεση γραμμών μεταξύ τους,   τοποθέτηση διαστάσεων, σχεδίαση όψεων από την αξονομετρική παράσταση με την μέθοδο των ορθογώνιων προβολών, γενικά κριτήρια διαστασιολόγησης, διατομές και επίπεδες τομές, παράσταση κοχλιών και σπειρωμάτων.
Ηλεκτρολογικό Σχέδιο: τυποποίηση, σύμβολα, σχεδίαση ηλεκτρικών και ηλεκτρονικών διαγραμμάτων, κανονισμοί, σχεδίαση εσωτερικών ηλεκτρικών εγκαταστάσεων.
Ηλεκτρονικό Σχέδιο: ολοκληρωμένα κυκλώματα, εφαρμογές, τυπωμένα κυκλώματα.','ΔΙΔΑΣΚΑΛΙΑ',1,'Postgraduate','LESSON_LINK','ECLASS_LINK','EVDO3OS_LINK',3,0,2,'ΒΑΣΙΚΟΣ ΚΟΡΜΟΣ','ΓΡΑΠΤΗ','ΩΡΕΣ','ΣΤΑΤΙΣΤΙΚΑ','ΥΛΗ');

INSERT INTO lessons VALUES ('ECE_Y111E','Τεχνικό Σχέδιο ','Βασικές αρχές σχεδίασης με τη βοήθεια H/Y και του σχεδιαστικού προγράμματος CAD. Αρχιτεκτονική ενός συστήματος CAD. Περιγραφή και σχεδίαση με εντολές CAD.','ΕΡΓΑΣΤΗΡΙΟ',1,'Postgraduate','LESSON_LINK','ECLASS_LINK','EVDO3OS_LINK',3,0,2,'ΒΑΣΙΚΟΣ ΚΟΡΜΟΣ','ΓΡΑΠΤΗ','ΩΡΕΣ','ΣΤΑΤΙΣΤΙΚΑ','ΥΛΗ');
INSERT INTO lessons VALUES ('ECE_Ε133','Βιομηχανικό Μάρκετινγκ και Οργάνωση Δυναμικού Πωλήσεων','','ΔΙΔΑΣΚΑΛΙΑ',1,'Postgraduate','LESSON_LINK','ECLASS_LINK','EVDO3OS_LINK',2,1,0,'Optional','ΓΡΑΠΤΗ','ΩΡΕΣ','ΣΤΑΤΙΣΤΙΚΑ','ΥΛΗ');
INSERT INTO lessons VALUES ('ECE_Ε138','Ιστορία της Ευρωπαϊκής Λογοτεχνίας','Παρουσιάζεται η ιστορική εξέλιξη της ευρωπαϊκής λογοτεχνίας από τις αρχές του 19ου αιώνα μέχρι τα μέσα του 20ού αι.  Λογοτεχνικά κινήματα, ρεύματα και σχολές στο ιστορικό και ιδεολογικό τους πλαίσιο.  Εξετάζονται αντιπροσωπευτικά κείμενα σημαντικών συγγραφέων όπως οι: Γκαίτε, Ουγκώ, Λαμαρτινός, Κητς, Μπαλζάκ, Φλωμπέρ, Τσέχωβ, Μπωντλαίρ, Μαλλαρμέ, Απολλιναίρ, Μαγιακόφσκι, Τ.Σ. Έλιοτ, Βιρτζίνια Γουλφ, Κάφκα.','ΔΙΔΑΣΚΑΛΙΑ',1,'Postgraduate','LESSON_LINK','ECLASS_LINK','EVDO3OS_LINK',2,1,0,'Optional','ΓΡΑΠΤΗ','ΩΡΕΣ','ΣΤΑΤΙΣΤΙΚΑ','ΥΛΗ');
INSERT INTO lessons VALUES ('ECE_Y105','Εισαγωγή στην Ψηφιακή Λογική','Δυαδικά Συστήματα: Ψηφιακά Συστήματα, Δυαδικοί Αριθμοί, Μετατροπή Αριθμών σε Μορφές με Άλλη Βάση, Δυαδικοί Κώδικες, Δυαδική Λογική. Άλγεβρα Boole και Λογικές Πύλες: Βασικοί Ορισμοί, Αξιωματικός Ορισμός της Άλγεβρας Boole, Βασικά Θεωρήματα και Ιδιότητες της Άλγεβρας Boole, Λογικές Συναρτήσεις, Κανονικές και Πρότυπες Μορφές, Άλλες Λογικές Πράξεις, Ψηφιακές Λογικές Πύλες. Ελαχιστοποίηση σε Επίπεδο Πυλών: Η Μέθοδος του Χάρτη, Απλοποίηση γινομένου αθροισμάτων, Συνθήκες αδιαφόρου τιμής, Υλοποίηση με πύλες ΟΧΙ-ΚΑΙ και ΟΥΤΕ, Άλλες Διεπίπεδες Υλοποιήσεις, Συνάρτηση Αποκλειστικό–Ή. Συνδυαστική Λογιστική: Συνδυαστικά Κυκλώματα, Διαδικασία Ανάλυσης, Διαδικασία Σχεδιασμού, Δυαδικός Αθροιστής, Δεκαδικός Αθροιστής, Δυαδικός Πολλαπλασιαστής, Συγκριτής Μεγέθους, Αποκωδικοποιητές, Κωδικοποιητές, Πολυπλέκτες. Σύγχρονη Ακολουθιακή Λογική: Εισαγωγή, Μανδαλωτές, Flip – Flops.','ΔΙΔΑΣΚΑΛΙΑ',2,'Postgraduate','LESSON_LINK','ECLASS_LINK','EVDO3OS_LINK',2,1,0,'ΒΑΣΙΚΟΣ ΚΟΡΜΟΣ','ΓΡΑΠΤΗ','ΩΡΕΣ','ΣΤΑΤΙΣΤΙΚΑ','ΥΛΗ');
INSERT INTO lessons VALUES ('ECE_Y201','Συναρτήσεις πολλών μεταβλητών & Διανυσματική Ανάλυση ','Συναρτήσεις Δυο Μεταβλητών. Συνέχεια σε σημείο και σε χωρίο. Μερική παράγωγος. Συναρτήσεις τριών (και περισσοτέρων) μεταβλητών. Ανώτερες παράγωγοι. Πεπλεγμένες συναρτήσεις και συναρτησιακές ορίζουσες. Θεώρημα μέσης τιμής. Ανάπτυγμα Taylor. Ακρότατα και υπό συνθήκη ακρότατα. Πολλαπλασιαστές του Lagrange. Διπλή και τριπλή ολοκλήρωση. Αλλαγή μεταβλητών. Διανύσματα. Εσωτερικό, εξωτερικό και μικτό γινόμενο. Καμπύλες στο χώρο. Τύποι Frenet. Επιφάνειες. Παράγωγος κατά διεύθυνση. Διανυσματικοί τελεστές. Καμπυλόγραμμες συντεταγμένες. Περιστροφή συστήματος συντεταγμένων. Επικαμπύλια και επιφανειακά ολοκληρώματα. Εμβαδόν επιφάνειας και όγκος τρισδιάστατης περιοχής. Θεωρήματα Green, Gauss και Stokes.','ΔΙΔΑΣΚΑΛΙΑ',2,'Postgraduate','LESSON_LINK','ECLASS_LINK','EVDO3OS_LINK',3,2,0,'ΒΑΣΙΚΟΣ ΚΟΡΜΟΣ','ΓΡΑΠΤΗ','ΩΡΕΣ','ΣΤΑΤΙΣΤΙΚΑ','ΥΛΗ');
INSERT INTO lessons VALUES ('ECE_Y202','Φυσική ΙΙ','Ηλεκτροστατική: Νόμος Coulomb, Ηλεκτρικά Φορτία και Πεδία, Νόμος Gauss, Ηλεκτρικό δυναμικό, Ισοδυναμικές Επιφάνειες και Αγωγοί, Έργο και Ενέργεια στην Ηλεκτροστατική, Χωρητικότητα και Διηλεκτρικά, Πυκνωτές, Ηλεκτρικό δίπολο, Ρεύμα και Αντίσταση, Ειδική Αντίσταση, Αγωγιμότητα, Πυκνότητα ρεύματος, Κυκλώματα Συνεχούς Ρεύματος, ΗΕΔ, Νόμοι Kirchhoff, Κύκλωμα RC.
Μαγνητισμός: Ορισμός Μαγνητικού Πεδίου, Δύναμη Lorentz, Έργο Μαγνητικής Δύναμης, Κίνηση κυκλότρου, Κυκλοειδής κίνηση, Φαινόμενο Hall, Νόμος Biot-Savart, Νόμος Αμπέρ, Μαγνητική ροή, Ενέργεια Μαγνητοστατικού πεδίου, Ρεύμα Μετατόπισης, Νόμος Faraday, Κανόνας Lenz, Αυτεπαγωγή και Αμοιβαία Επαγωγή, Σωληνοειδή Πηνία, Αποθήκευση Μαγνητικής Ενέργειας, Ομοαξονικό καλώδιο, Σύνθετη Αντίσταση, Ισχύς και ενέργεια κυκλώματος AC ρεύματος.
   Ηλεκτρομαγνητικά κύματα: Εξισώσεις Maxwell, Επίπεδα κύματα, Μέτωπο και Ταχύτητα ηλεκτρομαγνητκού κύματος, Ενέργεια και διάνυσμα-Poynting.','ΔΙΔΑΣΚΑΛΙΑ',2,'Postgraduate','LESSON_LINK','ECLASS_LINK','EVDO3OS_LINK',3,1,2,'ΒΑΣΙΚΟΣ ΚΟΡΜΟΣ','ΓΡΑΠΤΗ','ΩΡΕΣ','ΣΤΑΤΙΣΤΙΚΑ','ΥΛΗ');
INSERT INTO lessons VALUES ('ECE_Y202E','Φυσική ΙΙ','','ΕΡΓΑΣΤΗΡΙΟ',2,'Postgraduate','LESSON_LINK','ECLASS_LINK','EVDO3OS_LINK',3,1,2,'ΒΑΣΙΚΟΣ ΚΟΡΜΟΣ','ΓΡΑΠΤΗ','ΩΡΕΣ','ΣΤΑΤΙΣΤΙΚΑ','ΥΛΗ');
INSERT INTO lessons VALUES ('ECE_ΞΓ210','Αγγλικά','','ΔΙΔΑΣΚΑΛΙΑ',2,'Postgraduate','LESSON_LINK','ECLASS_LINK','EVDO3OS_LINK',3,0,0,'Optional','ΓΡΑΠΤΗ','ΩΡΕΣ','ΣΤΑΤΙΣΤΙΚΑ','ΥΛΗ');
INSERT INTO lessons VALUES ('ECE_Y302','Ηλεκτρικά Κυκλώματα & Μετρήσεις','Κυκλώματα συγκεντρωμένων στοιχείων και οι νόμοι του Kirchhoff. Στοιχεία κυκλωμάτων. Συνδεσμολογίες στοιχείων: σειριακή, παράλληλη, διαιρέτες, αστέρας, τρίγωνο, γέφυρα. Ανάλυση απλών κυκλωμάτων. Μέθοδοι κομβικών τάσεων και βροχικών εντάσεων. Απόκριση απλών κυκλωμάτων RC, RL, RLC. Απόκριση γραμμικών χρονικά αμετάβλητων κυκλωμάτων. Μόνιμη ημιτονοειδής κατάσταση, συντονισμός.','ΔΙΔΑΣΚΑΛΙΑ',3,'Postgraduate','LESSON_LINK','ECLASS_LINK','EVDO3OS_LINK',4,2,2,'ΒΑΣΙΚΟΣ ΚΟΡΜΟΣ','ΓΡΑΠΤΗ','ΩΡΕΣ','ΣΤΑΤΙΣΤΙΚΑ','ΥΛΗ');
INSERT INTO lessons VALUES ('ECE_Y302E','Ηλεκτρικά Κυκλώματα & Μετρήσεις','','ΕΡΓΑΣΤΗΡΙΟ',3,'Postgraduate','LESSON_LINK','ECLASS_LINK','EVDO3OS_LINK',4,2,2,'ΒΑΣΙΚΟΣ ΚΟΡΜΟΣ','ΓΡΑΠΤΗ','ΩΡΕΣ','ΣΤΑΤΙΣΤΙΚΑ','ΥΛΗ');

INSERT INTO lessons VALUES ('ECE_Y311','Τεχνική Μηχανική','Στατική: Δυνάμεις και ροπές. Σημειακές και κατανεμημένες δυνάμεις. Εξωτερικές και εσωτερικές δυνάμεις. Ισορροπία στερεών σωμάτων και κατασκευών. Αξονικές, διατμητικές δυνάμεις και καμπτικές ροπές σε δοκούς.
Δυναμική: Διανύσματα ταχύτητας και επιτάχυνσης σε ευθύγραμμη και κυκλική κίνηση. Κινηματική της ολίσθησης και της κύλισης. Νόμοι του Νεύτωνα. Επίπεδη κίνηση στερεού σώματος. Διατήρηση της ενέργειας.
Ταλαντώσεις: Εισαγωγή στις μηχανικές και ηλεκτρικές ταλαντώσεις. Ελεύθερη και εξαναγκασμένη ταλάντωση συστήματος ενός βαθμού ελευθερίας. συστήματα με απόσβεση. Ταλάντωση συστήματος δύο και πολλών βαθμών ελευθερίας. Συνεχή μέσα, ταλάντωση χορδής, διαμήκης, στρεπτική και καμπτική ταλάντωση δοκών. Ενεργειακή θεώρηση των ταλαντώσεων.','ΔΙΔΑΣΚΑΛΙΑ',3,'Postgraduate','LESSON_LINK','ECLASS_LINK','EVDO3OS_LINK',3,1,0,'ΒΑΣΙΚΟΣ ΚΟΡΜΟΣ','ΓΡΑΠΤΗ','ΩΡΕΣ','ΣΤΑΤΙΣΤΙΚΑ','ΥΛΗ');
INSERT INTO lessons VALUES ('ECE_Y402','Θεωρία Ηλεκτρικών Κυκλωμάτων','Μαγνητικά συζευγμένα κυκλώματα. Θεωρία γράφων και εφαρμογές στα ηλ. κυκλώματα. Ο μετασχηματισμός Laplace και η συστηματική επίλυση των εξισώσεων κομβικών τάσεων και βροχικών εντάσεων σύνθετων κυκλωμάτων στα πεδία χρόνου και συχνότητας. Συνέλιξη. Ανάλυση κυκλωμάτων με καταστατικές εξισώσεις. Δίθυρα κυκλώματα. Θεωρήματα κυκλωμάτων.','ΔΙΔΑΣΚΑΛΙΑ',4,'Postgraduate','LESSON_LINK','ECLASS_LINK','EVDO3OS_LINK',3,2,2,'ΒΑΣΙΚΟΣ ΚΟΡΜΟΣ','ΓΡΑΠΤΗ','ΩΡΕΣ','ΣΤΑΤΙΣΤΙΚΑ','ΥΛΗ');
INSERT INTO lessons VALUES ('ECE_Y402E','Θεωρία Ηλεκτρικών Κυκλωμάτων','','ΕΡΓΑΣΤΗΡΙΟ',4,'Postgraduate','LESSON_LINK','ECLASS_LINK','EVDO3OS_LINK',3,2,2,'ΒΑΣΙΚΟΣ ΚΟΡΜΟΣ','ΓΡΑΠΤΗ','ΩΡΕΣ','ΣΤΑΤΙΣΤΙΚΑ','ΥΛΗ');
INSERT INTO lessons VALUES ('ECE_Y505','Ηλεκτρικές Μηχανές I','Βασικές αρχές του ηλεκτρικού και μαγνητικού πεδίου, για τους υπολογισμούς ηλεκτρικών μηχανών, απώλειες σιδήρου, σκέδαση. Μετασχηματιστές: Βασική κατάσκευή (πυρήνας, τυλίγματα). Ψύξη, εξισώσεις τάσεων και ισοδύναμο κύκλωμα μονοφασικού μετασχηματιστή, λειτουργική συμπεριφορά, βαθμός απόδοσης, βραχυκυκλώματα και παράλληλη λειτουργία, υπολογισμός σκέδασης. Τριφασικοί μετασχηματιστές, συνδεσμολογίες τυλιγμάτων, ασσυμετρίες. Μετασχηματιστές μετρήσεων. Προκεχωρημένο ισοδύναμο κύκλωμα. Θέρμανση μετασχηματιστών. Μηχανές συνεχούς ρεύματος: Βασική κατασκευή, τυλίγματα, τάση εξ επαγωγής, ηλεκτρομαγνητική ροπή, μαγνητικό πεδίο και αντίδραση τυμπάνου, βοηθητικό τύλιγμα και τύλιγμα αντιστάθμισης, αναστροφή ρεύματος τυμπάνου, συνδεσμολογίες μηχανών συνεχούς ρεύματος, λειτουργία ως γεννήτριες και ως κινητήρες, εκκίνηση, πέδηση, έλεγχος τάσεως και ταχύτητας.','ΔΙΔΑΣΚΑΛΙΑ',5,'Postgraduate','LESSON_LINK','ECLASS_LINK','EVDO3OS_LINK',3,0,3,'ΒΑΣΙΚΟΣ ΚΟΡΜΟΣ','ΓΡΑΠΤΗ','ΩΡΕΣ','ΣΤΑΤΙΣΤΙΚΑ','ΥΛΗ');
INSERT INTO lessons VALUES ('ECE_Y505E','Ηλεκτρικές Μηχανές I','','ΕΡΓΑΣΤΗΡΙΟ',5,'Postgraduate','LESSON_LINK','ECLASS_LINK','EVDO3OS_LINK',3,0,3,'ΒΑΣΙΚΟΣ ΚΟΡΜΟΣ','ΓΡΑΠΤΗ','ΩΡΕΣ','ΣΤΑΤΙΣΤΙΚΑ','ΥΛΗ');
INSERT INTO lessons VALUES ('ECE_Y501','Ηλεκτρομαγνητικά Πεδία I','Οι θεμελιώδεις εξισώσεις των ηλεκτρομαγνητικών πεδίων. Σχέση ηλεκτρομαγνητικής και κυκλωματικής θεωρίας. Στοιχεία διανυσματικής ανάλυσης, συστήματα συντεταγμένων, βάθμωση, απόκλιση, στροβιλισμός, Θεωρήματα Gauss, Stokes, Helmholtz. Ηλεκτροστατικό και ηλεκτρο-ομοιοστατικό πεδίο. Νόμος του Coulomb. Κατανομές ηλεκτρικού φορτίου. Ένταση του ηλεκτρικού πεδίου σημειακών και συνεχών κατανομών του φορτίου. Επίπεδες και στερεές γωνίες. Νόμος του Gauss σε ολοκληρωτική και διαφορική μορφή. Ηλεκτρική ροή. Ηλεκτρική μετατόπιση. Ηλεκτρικό δυναμικό. Κυκλοφορία της εντάσεως του ηλεκτρικού πεδίου, σχέση δυναμικού και έντασης ηλεκτρικού πεδίου. Αγωγοί, συνθήκες στο εσωτερικό και στην επιφάνεια των αγωγών. Οπτική απεικόνιση των ηλεκτροστατικών πεδίων. Θεώρημα της αμοιβαιότητας του Green. Επαγόμενα φορτία. Εξισώσεις Poisson και Laplace, προβλήματα οριακών τιμών. Μέθοδος ειδώλων, είδωλα μη στατικών φορτίων. Μέθοδος πολυπόλων, πολυπολικό ανάπτυγμα του δυναμικού, ηλεκτρικό δίπολο. Διηλεκτρικά, πόλωση, φορτία πολώσεως, πεδία πολωμένου διηλεκτρικού, νόμος του Gauss στα διηλεκτρικά, είδη διηλεκτρικών, διηλεκτρική σταθερά, διηλεκτρική αντοχή, συνοριακές συνθήκες στην διαχωριστική επιφάνεια δύο μέσων, εξισώσεις Poisson - Laplace στα διηλεκτρικά, μικροσκοπική θεωρία των διηλεκτρικών. Ηλεκτροστατική θωράκιση. Ηλεκτροστατική ενέργεια, πεδιακός υπολογισμός της ενέργειας. Συστήματα αγωγών, συντελεστές δυναμικού, χωρητικότητος και επαγωγής. Χωρητικότης απομονωμένου αγωγού, πυκνωτές, μεθοδολογίες υπολογισμού της χωρητικότητος, μερικές χωρητικότητες, χωρητικότης λειτουργίας, χωρητική σύζευξη. Ηλεκτροστατικές δυνάμεις και ροπές, μέθοδος Coulomb, μέθοδος εικονικού έργου, ηλεκτροστατική πίεση, μέθοδος τανυστή πίεσης του Maxwell. Μέθοδος διαχωρισμού των μεταβλητών. Εισαγωγή στις αριθμητικές μεθόδους, μέθοδος των πεπερασμένων διαφορών.','ΔΙΔΑΣΚΑΛΙΑ',5,'Postgraduate','LESSON_LINK','ECLASS_LINK','EVDO3OS_LINK',3,1,0,'ΒΑΣΙΚΟΣ ΚΟΡΜΟΣ','ΓΡΑΠΤΗ','ΩΡΕΣ','ΣΤΑΤΙΣΤΙΚΑ','ΥΛΗ');
INSERT INTO lessons VALUES ('ECE_Y605','Ηλεκτρικές Μηχανές IΙ','Ασύγχρονες μηχανές: Βασική κατασκευή, τυλίγματα, μαγνητικό πεδίο, εξισώσεις και ισοδύναμο κύκλωμα, ισχύς, ρεύματα, ηλεκτρομαγνητική ροπή, εκκίνηση, θέρμανση, κύκλος Ossana, έλεγχος στροφών, θεωρία μηχανών με κλωβό, ανώτερες αρμονικές. Σύγχρονες μηχανές: Βασική κατασκευή, ψύξη, διέγερση, μηχανές με κατανεμημένους πόλους, μαγνητικό πεδίο, εξισώσεις, ηλεκτρομαγνητικό πεδίο, ηλεκτρομαγνητική ροπή, παραλληλισμός, γεωμετρικός τόπος ρεύματος, αντίδραση τυμπάνου, συμπεριφορά κατά τη φόρτιση, βραχυκυκλώματα, μηχανή με εκτύπους πόλους, επαγωγιμότητες, εξισώσεις μόνιμης κατάστασης, γεωμετρικός τόπος ρεύματος, ταλαντώσεις, ευστάθεια, εκκίνηση, συγχρονισμός, έλεγχος ισχύος. Μονοφασικές μηχανές: Σύγχρονες, ασύγχρονες.','ΔΙΔΑΣΚΑΛΙΑ',6,'Postgraduate','LESSON_LINK','ECLASS_LINK','EVDO3OS_LINK',3,0,3,'ΒΑΣΙΚΟΣ ΚΟΡΜΟΣ','ΓΡΑΠΤΗ','ΩΡΕΣ','ΣΤΑΤΙΣΤΙΚΑ','ΥΛΗ');
INSERT INTO lessons VALUES ('ECE_Y605E','Ηλεκτρικές Μηχανές IΙ','','ΕΡΓΑΣΤΗΡΙΟ',6,'Postgraduate','LESSON_LINK','ECLASS_LINK','EVDO3OS_LINK',3,0,3,'ΒΑΣΙΚΟΣ ΚΟΡΜΟΣ','ΓΡΑΠΤΗ','ΩΡΕΣ','ΣΤΑΤΙΣΤΙΚΑ','ΥΛΗ');
INSERT INTO lessons VALUES ('ECE_Y601','Ηλεκτρομαγνητικά Πεδία IΙ','Στατικά ρεύματα: Πυκνότητα ρεύματος και εξίσωση συνεχείας. Νόμος του Ohm, ηλεκτρεγερτική δύναμη, αντίσταση. Λύσεις προβλημάτων στατικού ρεύματος. Ηλεκτροστατική ισορροπία. Σύγκριση εξισώσεων ενός διηλεκτρικού και ενός αγωγού. Συνεχές μαγνητικό πεδίο: Νόμος του Ampere και Biot-Savart και η χρήση τους στην επίλυση προβλημάτων. Μαγνητοστατικό Πεδίο στα υλικά - οριακές συνθήκες. Νόμος του Faraday. Δυναμική ενέργεια μαγνητικού πεδίου, ορισμός επαγωγής. Χρονικά μεταβαλλόμενα πεδία: Εξισώσεις Maxwell. Ρεύμα μετατόπισης. Εξίσωση κύματος. Εξίσωση διάχυσης. Ενέργεια και ροή ισχύος - Θεώρημα Poynting. Αρμονική χρονική εξάρτηση. Στιγμιαία τιμή και μιγαδική παράσταση. Εξισώσεις Helmholtz. Κύματα και διάδοση: Επίπεδα κύματα Διάδοση επίπεδου κύματος σε μονωτικά και αγώγιμα μέσα. Πόλωση επίπεδου κύματος. Επιδερμικό φαινόμενο. Ανάκλαση και διάθλαση επιπέδων κυμάτων. Παράλληλη και κάθετη πόλωση. Νόμος ανάκλασης. Νόμος του Snell. Κρίσιμη γωνία. Ολική ανάκλαση, γωνία Brewster. Κάθετη και πλάγια πρόσπτωση σε αγώγιμα και διηλεκτρικά μέσα. Σταθερές διαδόσεως. Τύποι κυμάτων.','ΔΙΔΑΣΚΑΛΙΑ',6,'Postgraduate','LESSON_LINK','ECLASS_LINK','EVDO3OS_LINK',3,1,0,'ΒΑΣΙΚΟΣ ΚΟΡΜΟΣ','ΓΡΑΠΤΗ','ΩΡΕΣ','ΣΤΑΤΙΣΤΙΚΑ','ΥΛΗ');

INSERT INTO lessons VALUES ('ECE_Α701','Μικροκύματα','Γραμμές Μεταφοράς: Οι εξισώσεις της ομοιογενούς γραμμής. Οι Παράμετροι της ομοιογενούς γραμμής. Ιδιότητες τηλεπικοινωνιακών γραμμών. Στάσιμα κύματα Σταθερά διάδοσης και ταχύτητα διάδοσης Κυκλωματική ανάλυση γραμμής μεταφοράς. Χαρακτηριστική αντίσταση και σύνθετη αντίσταση σε γραμμές μεταφοράς. Προσαρμογή φορτίου σε γραμμές μεταφοράς με τη χρήση μετασχηματιστή λ/4, ενός ή δύο βραχυκυκλωμένων στελεχών, Γραμμές με ειδικά χαρακτηριστικά. Γραφική παράσταση του συντελεστή ανάκλασης-Χάρτης Smith. Ανάλυση συζευγμένων γραμμών μεταφοράς. Ισοσταθμισμένη και μη ισοσταθμισμένη γραμμή. Διαφωνία σε γραμμές με μικρό και μεγάλο μήκος. Διαφωνία σε διασταυρούμενες γραμμές και γραμμές με ενισχυτές. Εξισορρόπηση γραμμής. Είδη γραμμών μεταφοράς (δισύρματη, ομοαξονική, μικροταινία, ταινιογραμμή, σχισμογραμμή, ομοεπίπεδες γραμμές,) Κυματοδήγηση: Οδηγούμενα κύματα και ρυθμοί κυματοδήγησης. Μέθοδος χωρισμού των μεταβλητών. Λύση της κυματικής εξίσωσης. Πεδιακές συνιστώσες. Ρυθμοί ΤΕΜ, ΤΕ και ΤΜ. Κυματοδηγός παραλλήλων πλακών. Συνθήκες αποκοπής.. Κυματοδηγοί ορθογωνικής και κυλινδρικής διατομής. Διέγερση, Ταχύτητα διάδοσης, χαρακτηριστική αντίσταση. Απώλειες κυματοδήγησης, Ηλεκτρομαγνητικά αντηχεία, διηλεκτρικοί κυματοδηγοί, Οπτικές ίνες','ΔΙΔΑΣΚΑΛΙΑ',7,'Postgraduate','LESSON_LINK','ECLASS_LINK','EVDO3OS_LINK',2,1,0,'Telecommunications & Information Technology','ΓΡΑΠΤΗ','ΩΡΕΣ','ΣΤΑΤΙΣΤΙΚΑ','ΥΛΗ');
INSERT INTO lessons VALUES ('ECE_Α706','Θεωρία Κεραιών','Εισαγωγή, το ηλεκτρομαγνητικό φάσμα, Θεμελιώδεις παράμετροι σχεδιασμού των κεραιών (απολαβή, χαρακτηριστική αντίσταση, αντίσταση ακτινοβολίας, διάγραμμα ακτινοβολίας), Κοντινό και μακρινό πεδίο των κεραιών (προσδιορισμός αυτών για ομοιόμορφη και μη ομοιόμορφη κατανομή ρεύματος), Διάνυσμα Poynting, Εκπομπή από κεραίες σύρματος, Διπολική κεραία, Κεραίες Βρόχου, Γραμμικές Συστοιχίες Κεραιών, Συστοιχίες κεραιών δύο και τριών διαστάσων, Μέθοδοι τροφοδοσίας συστοιχιών (ισομερής και ανισομερής καταμερισμός ισχύος στα δίπολα της συστοιχίας), Κεραίες οδεύοντος κύματος, Ευρυζωνικές κεραίες (κεραία Yagi-Uda, Ελλικοειδής κεραία, λογαριθμική-περιοδική κεραία), Κεραίες σχισμών (κεραίες κυματοδηγών χαμηλού προφίλ κυκλικής και ορθογωνίου διατομής), Χοανοειδείς Κεραίες, Κεραίες τύπου ανακλαστήρα (γωνιώδης ανακλαστήρας, παραβολική κεραία), Σύστημα τροφοδοσίας παραβολικών κεραιών, Κεραίες διατομών, Φακοειδείς κεραίες, Ευφυείς Κεραίες (στρεφόμενου λοβού και λοβού ελεγχόμενου από την φάση), Προσαρμοστικές ευφυείς κεραίες, Θερμοκρασία Κεραίας, Τεχνικές προσαρμογής κεραιών, Τεχνικές προσδιορισμού των ρευματικών κατανομών των κεραιών για τον προσδιορισμό των διαγραμμάτων ακτινοβολίας και των αντιστάσεων εισόδου αυτών, Μετρήσεις των τεχνικών παραμέτρων των κεραιών, Εγκατάσταση κεραιών σε κοινό πυλώνα, Τεχνικές παράμετροι σχεδιασμού πάρκου κεραιών, Μονάδες Ομαδοποίησης συστημάτων εκπομπής σε κοινό κεραιοσύστημα (συνδυαστές, φίλτρα και διαιρέτες ισχύος).','ΔΙΔΑΣΚΑΛΙΑ',8,'Postgraduate','LESSON_LINK','ECLASS_LINK','EVDO3OS_LINK',2,1,0,'Telecommunications & Information Technology','ΓΡΑΠΤΗ','ΩΡΕΣ','ΣΤΑΤΙΣΤΙΚΑ','ΥΛΗ');
INSERT INTO lessons VALUES ('ECE_Α908','Επικοινωνίες Πρόσβασης','Το δίκτυο Πρόσβασης. Ενσύρματες επικοινωνίες πρόσβασης. Οικογένεια xDSL. Οπτικά δίκτυα πρόσβασης. Υβριδικά δίκτυα πρόσβασης. Ασύρματα δίκτυα πρόσβασης. Δορυφορικά δίκτυα πρόσβασης. PBL-PLC δίκτύα. Σχεδιαστικές αρχές. Υπολογισμός κίνησης στα δίκτυα πρόσβασης.','ΔΙΔΑΣΚΑΛΙΑ',9,'Postgraduate','LESSON_LINK','ECLASS_LINK','EVDO3OS_LINK',2,1,0,'Telecommunications & Information Technology','ΓΡΑΠΤΗ','ΩΡΕΣ','ΣΤΑΤΙΣΤΙΚΑ','ΥΛΗ');
INSERT INTO lessons VALUES ('ECE_Α005','Διαχείριση Δικτύων','Λειτουργική γνώση του τρόπου διαχείρισης δικτύων και του πρωτοκόλλου SNMP. Βασικές γνώσεις διάρθρωσης και προγραμματισμού δικτυακών συσκευών όπως δρομολογητές, τρόπος παρακολούθησης δικτύων και συγκεκριμένων ροών πακέτων κυρίως για αποσφαλμάτωση πρωτοκόλλων. Τέλος οι φοιτητές αποκτούν σημαντική εμπειρία στην κατανόηση λειτουργιών πρωτοκόλλων και αρχιτεκτονικών μέσω της απευθείας ανάγνωσης και μελέτης κειμένων τυποποίησης από διεθνείς οργανισμούς όπως αυτόν της IETF (InternetEngineeringTask Force) και των τυποποιήσεών της RFCs (RequestsForComments).','ΔΙΔΑΣΚΑΛΙΑ',10,'Postgraduate','LESSON_LINK','ECLASS_LINK','EVDO3OS_LINK',2,1,0,'Telecommunications & Information Technology','ΓΡΑΠΤΗ','ΩΡΕΣ','ΣΤΑΤΙΣΤΙΚΑ','ΥΛΗ');

INSERT INTO lessons VALUES ('ECE_Β703','Ηλεκτρονικά Ισχύος Ι','Λειτουργίες και κατηγοριοποίηση των ηλεκτρονικών μετατροπέων ισχύος, ημιαγωγικά στοιχεία ισχύος, κατασκευαστικά και λειτουργικά χαρακτηριστικά των θυρίστορ, ανάλυση της στατικής και δυναμικής τους συμπεριφοράς, κυκλώματα έναυσης, προστασία, ψύξη, άλλα ημιαγωγικά στοιχεία ισχύος (GTO θυρίστορ, MOSFET ισχύος, IGBT κλπ)
     Μετατροπείς φυσικής σβέσης χωρίς φαινόμενο μετάβασης, μονοφασικοί και τριφασικοί μετατροπείς με αντιπαράλληλα θυρίστορ (ρυθμιστές E.T.), γωνία έναυσης, κυματομορφές ρευμάτων και τάσεων, ρύθμιση ενεργού ισχύος, άεργος ισχύς, φαινόμενη ισχύς, μέθοδοι ελέγχου, ομαλοί εκκινητές.
     Μετατροπείς με φυσική σβέσης με φαινόμενα μετάβασης:
     α) Μονοφασική γέφυρα πλήρως ελεγχόμενη, κυματομορφές τάσεων και ρευμάτων, τροφοδοσία και έλεγχος μηχανών συνεχούς ρεύματος, φαινόμενα μετάβασης, ενεργός, άεργος και φαινόμενη ισχύς εισόδου, αρμονικές, διπλός μονοφασικός μετατροπέας, λειτουργία στα τέσσερα τεταρτημόρια, μονοφασική γέφυρα μερικώς ελεγχόμενη.    
β) Τριφασικός μετατροπέας τριών παλμών, γωνία έναυσης, κυματομορφές τάσεων και ρευμάτων, ενεργός, άεργος και φαινόμενη ισχύς εισόδου, μετάβαση, αρμονικές,.
γ) Άεργος ισχύς ελέγχου και άεργος ισχύς μετάβασης.','ΔΙΔΑΣΚΑΛΙΑ',7,'Postgraduate','LESSON_LINK','ECLASS_LINK','EVDO3OS_LINK',3,0,3,'Electric Power Systems','ΓΡΑΠΤΗ','ΩΡΕΣ','ΣΤΑΤΙΣΤΙΚΑ','ΥΛΗ');
INSERT INTO lessons VALUES ('ECE_Β703E','Ηλεκτρονικά Ισχύος Ι','','ΕΡΓΑΣΤΗΡΙΟ',7,'Postgraduate','LESSON_LINK','ECLASS_LINK','EVDO3OS_LINK',3,0,3,'Electric Power Systems','ΓΡΑΠΤΗ','ΩΡΕΣ','ΣΤΑΤΙΣΤΙΚΑ','ΥΛΗ');

INSERT INTO lessons VALUES ('ECE_Β803','Ηλεκτρονικά Ισχύος ΙΙ','Μετατροπείς φυσικής σβέσης με φαινόμενο μετάβασης, Μετατροπείς Σ.Τ. σε Σ.Τ. (ρυθμιστές Σ.Τ.), Μετατροπείς Σ.Τ. σε Ε.Τ. (αντιστροφείς)','ΔΙΔΑΣΚΑΛΙΑ',8,'Postgraduate','LESSON_LINK','ECLASS_LINK','EVDO3OS_LINK',3,0,3,'Electric Power Systems','ΓΡΑΠΤΗ','ΩΡΕΣ','ΣΤΑΤΙΣΤΙΚΑ','ΥΛΗ');
INSERT INTO lessons VALUES ('ECE_Β803E','Ηλεκτρονικά Ισχύος ΙΙ','','ΕΡΓΑΣΤΗΡΙΟ',8,'Postgraduate','LESSON_LINK','ECLASS_LINK','EVDO3OS_LINK',3,0,3,'Electric Power Systems','ΓΡΑΠΤΗ','ΩΡΕΣ','ΣΤΑΤΙΣΤΙΚΑ','ΥΛΗ');

INSERT INTO lessons VALUES ('ECE_Β911','Προηγμένος Έλεγχος Ηλεκτρικών Μηχανών ','Ανασκόπηση στα μοντέλα: Μηχανής Συνεχούς Ρεύματος (Σ.Ρ.), Ασύγχρονης Μηχανής (ΑΜ), Σύγχρονης Μηχανής (Σ.Μ.). Ανάλυση Παθητικότητας Ηλεκτρικών Μηχανών. Συμβατικός και προηγμένος PID έλεγχος μηχανών Σ.Ρ. Μοντέλο ρεύματος & μοντέλο στις πολικές συντεταγμένες Α.Μ. Δυναμική και εκτίμηση ροών στο δρομέα Α.Μ. Σημεία ισορροπίας – γραμμικοποίηση μοντέλου Α.Μ. Ανάλυση ευστάθειας Α.Μ. Ανάλυση ευστάθειας σε χαμηλές ταχύτητες Α.Μ. Φαινόμενα αστάθειας - Αστάθεια και δυναμική ροών Έλεγχος με τοπολογία τριφασικού αντιστροφέα τάσης-Α.Μ./Σ.Μ. Αρχή διανυσματικού ελέγχου τριφασικών μηχανών εναλλασσόμενου ρεύματος Άμεσος και έμμεσος διανυσματικός έλεγχος Α.Μ. Άμεσος έλεγχος ροπής Α.Μ. Διανυσματικός έλεγχος για διαμόρφωση ενεργού και αέργου ισχύος Α.Μ./Σ.Μ. Μέθοδοι ασαφούς και προσαρμοστικού ελέγχου','ΔΙΔΑΣΚΑΛΙΑ',9,'Postgraduate','LESSON_LINK','ECLASS_LINK','EVDO3OS_LINK',2,1,0,'Electric Power Systems','ΓΡΑΠΤΗ','ΩΡΕΣ','ΣΤΑΤΙΣΤΙΚΑ','ΥΛΗ');
INSERT INTO lessons VALUES ('ECE_Β011','Τεχνολογία Ηλεκτρικών Μονώσεων & Νανοδομημένα Διηλεκτρικά ','    Σε αυτές τις παραδόσεις παρουσιάζονται οι βασικές κατηγορίες υλικών που χρησιμοποιούνται ως ηλεκτρικές μονώσεις και ο τρόπος διαστασιοποίησης αυτών για βέλτιστη συμπεριφορά υπό ηλεκτρική καταπόνηση μέσω πειραματικών κι αριθμητικών μεθόδων. Γίνεται μία εισαγωγή στην επιστήμη της νανοτεχνολογίας, στις εφαρμογές της και στα μέσα χαρακτηρισμού νανοϋλικών. Διερευνάται η χρήση της νανοτεχνολογίας στην απόδοση ελεγχόμενων ιδιοτήτων σε σύγχρονα διηλεκτρικά μέσα (λεπτά υμένια, νανοσωματίδια, σύνθετα υλικά, τροποποίηση επιφανειών κ.α.). Δίνεται ιδιαίτερη έμφαση στους μηχανισμούς αστοχίας ενός μονωτικού υλικού.
Ηλεκτρική διάσπαση σε αέρια. Κλασικοί νόμοι αερίων. Διαδικασίες ιονισμού και απιονισμού. Καθοδικές διαδικασίες – δευτερογενή φαινόμενα. Μετάβαση από μη-αυτοσυντηρούμενες εκκενώσεις σε διάσπαση: ο μηχανισμός Townsend. Ο μηχανισμός διάσπασης “streamer” ή “καναλιού”. Τάση πλήρους διάσπασης – Νόμος του Paschen. Φαινόμενο “Penning”. Η πεδιακή ένταση διάσπασης. Διάσπαση σε μη-ομοιόμορφα πεδία. Επίδραση της προσάρτησης ηλεκτρονίων επί των κριτηρίων διάσπασης. Μερική διάσπαση, εκκενώσεις κορώνας (στεματόμορφες). Επενέργεια πολικότητας – επίδραση φορτίου χώρου. Τάση κυματικής διάσπασης – χρονική υστέρηση.
Διάσπαση σε στερεά: ενδογενής διάσπαση, διάσπαση “streamer”, ηλεκτρομηχανική διάσπαση, διάσπαση άκρων και δενδρίτες, θερμική διάσπαση, διάσπαση διάβρωσης, διαυλοποίηση.
            Διάσπαση σε υγρά: ηλεκτρονική διάσπαση, μηχανισμός αιωρούμενων στερεών σωματιδίων, διάσπαση κοιλότητας. Ηλεκτρομεταφορά και ηλεκτροϋδροδυναμικό πρότυπο διηλεκτρικής διάσπασης. Στατική ηλέκτριση σε μετασχηματιστές ισχύος.','ΔΙΔΑΣΚΑΛΙΑ',10,'Postgraduate','LESSON_LINK','ECLASS_LINK','EVDO3OS_LINK',3,0,0,'Electric Power Systems','ΓΡΑΠΤΗ','ΩΡΕΣ','ΣΤΑΤΙΣΤΙΚΑ','ΥΛΗ');

INSERT INTO lessons VALUES ('ECE_Γ802','Λειτουργικά Συστήματα','  Ορισμοί λειτουργικών συστημάτων, ιστορική εξέλιξη τους, κυριότερα μέρη τους. Διαδικασίες, καταστάσεις διαδικασιών, τμήμα ελέγχου διαδικασιών, σήματα διακοπής. Συγχρονισμός: παραλληλία, κρίσιμες περιοχές, αμοιβαίος αποκλεισμός, primitives αμοιβαίου αποκλεισμού, υλοποίησή τους. Λύση Peterson, Test-and-set, σηματοφόροι, υλοποίηση σηματοφόρων, ακέραιοι σηματοφόροι. Κρίσιμες περιοχές υπό συνθήκη, ουρές γεγονότων, monitors κατανεμημένος συγχρονισμός: Ο αλγόριθμος του Bakery. Διαχείριση μνήμης: (α) Πραγματική μνήμη, (β) Ιδεατή μνήμη. Διαχείριση CPU.','ΔΙΔΑΣΚΑΛΙΑ',7,'Postgraduate','LESSON_LINK','ECLASS_LINK','EVDO3OS_LINK',2,1,0,'Electronics & Computers','ΓΡΑΠΤΗ','ΩΡΕΣ','ΣΤΑΤΙΣΤΙΚΑ','ΥΛΗ');
INSERT INTO lessons VALUES ('ECE_Γ801','Αρχιτεκτονική Υπολογιστών',' Απόδοση Υπολογιστικών Συστημάτων. Γλώσσα μηχανής και γλώσσα assembly. Σύνολα εντολών και κωδικοποίηση εντολών και τελεστέων. Αριθμητική Υπολογιστών. Αριθμητική λογική μονάδα. Αριθμητική αριθμών κινητής υποδιαστολής. Μονοπάτι δεδομένων και μονοπάτι ελέγχου. Δίαυλος δεδομένων. Ιεραρχία μνήμης. Συστήματα εισόδου/εξόδου.','ΔΙΔΑΣΚΑΛΙΑ',8,'Postgraduate','LESSON_LINK','ECLASS_LINK','EVDO3OS_LINK',3,0,0,'Electronics & Computers','ΓΡΑΠΤΗ','ΩΡΕΣ','ΣΤΑΤΙΣΤΙΚΑ','ΥΛΗ');
INSERT INTO lessons VALUES ('ECE_Γ910','Ασφάλεια Υπολογιστών & Δικτύων','Ανάλυση, σχεδίαση και υλοποίηση ασφαλών συστημάτων. Αρχιτεκτονική στρατιωτικών και εμπορικών ασφαλών συστημάτων. Κρυπτογραφία με μυστικά κλειδιά και δημόσια κλειδιά. Ψηφιακές υπογραφές και πιστοποιητικά. Κρυπτογραφικά πρωτόκολλα. Ασφάλεια υπολογιστών. Ασφάλεια επικοινωνιών. Αρχιτεκτονική κρυπτοσυστημάτων και συστημάτων ασφαλείας υπολογιστών και δικτύων. Θέματα υλοποίησης ασφαλών συστημάτων.','ΔΙΔΑΣΚΑΛΙΑ',9,'Postgraduate','LESSON_LINK','ECLASS_LINK','EVDO3OS_LINK',3,0,0,'Electronics & Computers','ΓΡΑΠΤΗ','ΩΡΕΣ','ΣΤΑΤΙΣΤΙΚΑ','ΥΛΗ');
INSERT INTO lessons VALUES ('ECE_Γ008','Αρχιτεκτονική Δικτυακών Συστημάτων','Βασικές αρχές αρχιτεκτονικής δικτυακών συστημάτων. Απόδοση δικτυακών συστημάτων. Αρχιτεκτονική μεταγωγέων πακέτων. Αρχιτεκτονική γεφυρών (bridges). Αρχιτεκτονική δρομολογητών (routers) και πυλών (gateways). Αρχιτεκτονική προηγμένων προσαρμοστών δικτύων (network adapters). Ειδικές λειτουργίες για υποστήριξη υπηρεσιών πραγματικού χρόνου. Επεξεργαστές πρωτοκόλλων δικτύων (protocol processors, network processors). Υποσυστήματα ειδικών λειτουργιών. ','ΔΙΔΑΣΚΑΛΙΑ',10,'Postgraduate','LESSON_LINK','ECLASS_LINK','EVDO3OS_LINK',3,0,0,'Electronics & Computers','ΓΡΑΠΤΗ','ΩΡΕΣ','ΣΤΑΤΙΣΤΙΚΑ','ΥΛΗ');

INSERT INTO lessons VALUES ('ECE_Δ704','Βιομηχανικοί Αυτοματισμοί Ι','Οργανολογία αυτοματισμών. Βασικές μονάδες αυτοματισμού. Μονάδες μεταγωγής ισχύος, διαλόγου ανθρώπου-μηχανής, ανίχνευσης, επεξεργασίας σημάτων εντολών. Μελέτη και σχεδίαση διατάξεων αυτοματισμού. Μεθοδολογία σχεδίασης κυκλωμάτων αυτοματισμού, Λογική σχεδίαση και εμπειρική σχεδίαση κυκλωμάτων αυτοματισμού. Κλασσικοί, ειδικοί και ψηφιακοί αυτοματισμοί. Στοιχεία ηλεκτροπνευματικών αυτοματισμών. Λογισμικό εξομοίωσης κυκλωμάτων αυτοματισμού.','ΔΙΔΑΣΚΑΛΙΑ',7,'Postgraduate','LESSON_LINK','ECLASS_LINK','EVDO3OS_LINK',3,0,0,'Systems & Automatic Control','ΓΡΑΠΤΗ','ΩΡΕΣ','ΣΤΑΤΙΣΤΙΚΑ','ΥΛΗ');
INSERT INTO lessons VALUES ('ECE_Δ801','Σχεδιασμός Συστημάτων στον Χώρο Κατάστασης ',' 1. Ευστάθεια. Ευστάθεια σε επιμένουσες διαταραχές-Ευστάθεια Φραγμένης Εισόδου Φραγμένης καταστάσεως. Ευστάθεια σε στιγμιαίες διαταραχές. Οι έννοιες ευστάθειας τροχιάς και καταστάσεως ισορροπίας. Περιοχές ευστάθειας. Ανάλυση ευστάθειας σε στιγμιαίες διαταραχές. Η πρώτη μέθοδος Lyapunov. Η δεύτερη μέθοδος Lyapunov. Εκτίμηση περιοχών ευστάθειας
     2. Έλεγχος γραμμικών συστημάτων. Τα προβλήματα ρύθμισης και παρακολούθησης.
     3. Έλεγχος με ανατροφοδότηση καταστάσεως. Έλεγχος ιδιοτιμών. Μέθοδοι τοποθέτησης ιδιοτιμών. Το πρόβλημα της αποσυζεύξεως.
     4. Παρατηρητές. Σχεδιασμός παρατηρητών πλήρους και μειωμένης τάξεως. Η αρχή του διαχωρισμού.
     5. Έλεγχος με ανατροφοδότηση εξόδου. Εφαρμογές σε βιομηχανικές διεργασίες','ΔΙΔΑΣΚΑΛΙΑ',8,'Postgraduate','LESSON_LINK','ECLASS_LINK','EVDO3OS_LINK',3,0,0,'Systems & Automatic Control','ΓΡΑΠΤΗ','ΩΡΕΣ','ΣΤΑΤΙΣΤΙΚΑ','ΥΛΗ');
INSERT INTO lessons VALUES ('ECE_Δ907','Μη Γραμμικός Έλεγχος','1. Μη γραμμικά φαινόμενα: Πολλαπλές καταστάσεις ισορροπίας. Οριακοί κύκλοι. Χάος. Περιοχές ελκτικότητας. 2. Ανάλυση μη γραμμικών συστημάτων: Ανάλυση στο πεδίο των φάσεων. Η συνάρτηση περιγραφής. 3. Ευστάθεια. Ευστάθεια σε επιμένουσες διαταραχές-Ευστάθεια Φραγμένης Εισόδου Φραγμένης καταστάσεως. Ευστάθεια σε στιγμιαίες διαταραχές. Η πρώτη μέθοδος Lyapunov. Η δεύτερη μέθοδος Lyapunov. Εκτίμηση περιοχών ευστάθειας. 4. Ελεγξιμότητα μη γραμμικών συστημάτων: Ελέγξιμες και προσεγγίσιμες καταστάσεις. 5. Έλεγχος μη γραμμικών συστημάτων: Σχεδιασμός συστημάτων ελέγχου βασισμένου στην γραμμική προσέγγιση. Σχεδιασμός συστημάτων ελέγχου βασισμένου στην γραμμικοποίηση. Μέθοδοι ελέγχου με την βοήθεια συναρτήσεων Lyapunov. Έλεγχος γραμμικών και μη γραμμικών συστημάτων με φραγμένες εισόδους και καταστάσεις. Έλεγχος χαοτικών συστημάτων.','ΔΙΔΑΣΚΑΛΙΑ',9,'Postgraduate','LESSON_LINK','ECLASS_LINK','EVDO3OS_LINK',3,0,0,'Systems & Automatic Control','ΓΡΑΠΤΗ','ΩΡΕΣ','ΣΤΑΤΙΣΤΙΚΑ','ΥΛΗ');
INSERT INTO lessons VALUES ('ECE_Δ001','Δίκτυα Βιομηχανικού Αυτοματισμού','Τα δίκτυα στη Βιομηχανία. Προγραμματιζόμενοι Λογικοί Ελεγκτές–Μονάδες επικοινωνίας. Διασύνδεση προγραμματιζόμενων ελεγκτών. Διασύνδεση προγραμματιζόμενων ελεγκτών και υπολογιστών διεργασιών. Διασύνδεση ετερογενών νησίδων αυτοματισμού. Αρχιτεκτονική και λογισμικό διασυνδέσης. Εμπορικά προϊόντα βιομηχανικών δικτύων. Διασύνδεση γεωγραφικώς κατανεμημένων συστημάτων. Μεγάλες εφαρμογές εγκατάστασης βιομηχανικών δικτύων. Συστήματα συλλογής δεδομένων και εποπτικού ελέγχου (SCADA). Κτιριακός αυτοματισμός–Δίκτυα κτιριακού αυτοματισμού. Χρήση υπηρεσιών Inter-net σε εφαρμογές βιομηχανικού ελέγχου.','ΔΙΔΑΣΚΑΛΙΑ',10,'Postgraduate','LESSON_LINK','ECLASS_LINK','EVDO3OS_LINK',3,0,0,'Systems & Automatic Control','ΓΡΑΠΤΗ','ΩΡΕΣ','ΣΤΑΤΙΣΤΙΚΑ','ΥΛΗ');


INSERT INTO members VALUES ('perdios','pw','Ευστάθιος','Περδίος','prof');
INSERT INTO members VALUES ('kalantonis','pw','Βασίλειος','Καλαντώνης','prof');
INSERT INTO members VALUES ('kounavis','pw','Παναγιώτης','Κουνάβης','prof');
INSERT INTO members VALUES ('avourhs','pw','Νικόλαος','Αβούρης','prof');
INSERT INTO members VALUES ('koukias','pw','Μιχαήλ','Κουκιάς','prof');
INSERT INTO members VALUES ('paliouras','pw','Βασίλης','Παλιουράς','prof');
INSERT INTO members VALUES ('sgarbas','pw','Κυριάκος','Σγάρμπας','prof');
INSERT INTO members VALUES ('stathopoulou','pw','Πολυξένη','Σταθοπούλου','prof');
INSERT INTO members VALUES ('daskalakh','pw','Σοφία','Δασκαλάκη','prof');
INSERT INTO members VALUES ('markakhs','pw','Μιχαήλ','Μαρκάκης','prof');
INSERT INTO members VALUES ('vovos','pw','Παναγής','Βοβός','prof');
INSERT INTO members VALUES ('purgiwth','pw','Ελευθερία','Πυργιώτη','prof');
INSERT INTO members VALUES ('mhtronikas','pw','Επαμεινώνδας','Μητρονίκας','prof');
INSERT INTO members VALUES ('karagiannh','pw','Δέσποινα','Καραγιάννη','prof');
INSERT INTO members VALUES ('gotsh','pw','','Γκότση','prof');
INSERT INTO members VALUES ('fakwtakhs','pw','Νίκος','Φακωτάκης','prof');
INSERT INTO members VALUES ('antwnakopoulos','pw','Θεόδωρος','Αντωνακόπουλος','prof');
INSERT INTO members VALUES ('rizomuliwth','pw','','Ριζομυλιώτη','prof');
INSERT INTO members VALUES ('groubos','pw','Πέτρος','Γρουμπός','prof');
INSERT INTO members VALUES ('kousoulas','pw','Νίκος','Κούσουλας','prof');
INSERT INTO members VALUES ('poluzos','pw','Δημοσθένης','Πολύζος','prof');
INSERT INTO members VALUES ('skouras','pw','Ελευθέριος','Σκούρας','prof');
INSERT INTO members VALUES ('kapatou','pw','Τζόγια','Καπάτου','prof');
INSERT INTO members VALUES ('tatakhs','pw','Εμμανουήλ','Τατάκης','prof');
INSERT INTO members VALUES ('koulouridhs','pw','Σταύρος','Κουλουρίζης','prof');
INSERT INTO members VALUES ('zaxarias','pw','Θωμάς','Ζαχαρίας','prof');
INSERT INTO members VALUES ('logotheths','pw','Μιχαήλ','Λογοθέτης','prof');
INSERT INTO members VALUES ('kaluvas','pw','Γρηγόριος','Καλύβας','prof');
INSERT INTO members VALUES ('kwtsopoulos','pw','Σταύρος','Κωτσόπουλος','prof');
INSERT INTO members VALUES ('xousos','pw','Ευθύμιος','Χούσος','prof');
INSERT INTO members VALUES ('maneshs','pw','Σταμάτιος','Μάνεσης','prof');
INSERT INTO members VALUES ('serpanos','pw','Δημήτριος','Σερπάνος','prof');
INSERT INTO members VALUES ('mpitswrhs','pw','Γεώργιος','Μπιτσώρης','prof');
INSERT INTO members VALUES ('stulianakis','pw','Βασίλειος','Στυλιανάκης','prof');
INSERT INTO members VALUES ('denazhs','pw','Σπύρος','Δενάζης','prof');
INSERT INTO members VALUES ('alexandridhs','pw','Αντώνης','Αλεξανδρίδης','prof');
INSERT INTO members VALUES ('svarnas','pw','Παναγιώτης','Σβάρνας','prof');

INSERT INTO professors VALUES ('perdios','Ευστάθιος','Περδίος','Καθηγητής','/myDepartment/myresources/prof_pics/perdios_photo.jpg','Πτυχίο Mαθηματικών Πανεπιστημίου Πατρών, Διδακτορικό Δίπλωμα Γενικού Tμήματος Πολυτεχνικής Σχολής Πανεπιστημίου Πατρών.','ΓΕΝΙΚΟ ΤΜΗΜΑ','+302610997897','+30610997897','eperdios@upatras.gr','Τετάρτη 14-17 Πεμπτη 15-18 ','website','scholar');
INSERT INTO professors VALUES ('kalantonis','Βασίλειος','Καλαντώνης','Καθηγητής','/myDepartment/myresources/prof_pics/kalantonis_photo.jpg','Πτυχίο του Τμήματος  Μαθηματικών του Πανεπιστημίου Πατρών, Μεταπτυχιακό Δίπλωμα Ειδίκευσης του Τμήματος Μαθηματικών και του Τμήματος Μηχανικών Ηλεκτρονικών Υπολογιστών και Πληροφορικής του Πανεπιστημίου Πατρών, Διδακτορικό Δίπλωμα του Γενικού Τμήματος του Πανεπιστημίου Πατρών','ΓΕΝΙΚΟ ΤΜΗΜΑ','+302610996868','+302610996868','kalantonis@upatras.gr','Τετάρτη 14-17 Πεμπτη 15-18 ','website','scholar');
INSERT INTO professors VALUES ('kounavis','Παναγιώτης','Κουνάβης','Καθηγητής','/myDepartment/myresources/prof_pics/kounavis_photo.JPG','Πτυχίο Φυσικής στο Τμήμα Φυσικής του Πανεπιστήμιο Πατρών, Διδακτορικό Δίπλωμα στο Τμήμα Φυσικής του Πανεπιστήμιο Πατρών','ΓΕΝΙΚΟ ΤΜΗΜΑ','+302610996868','+302610996868','pkounavis@upatras.gr','Τετάρτη 14-17 Πεμπτη 15-18 ','website','scholar');
INSERT INTO professors VALUES ('avourhs','Νικόλαος','Αβούρης','Καθηγητής','/myDepartment/myresources/prof_pics/avouris_photo.jpg','Dipl. in Electrical Engineering NTUA, MSc, Ph.D, University of Manchester, UMIST, UK','Τομέας Ηλεκτρονικής και Υπολογιστών','+302610996868','+302610996868','avouris@upatras.gr','Τετάρτη 14-17 Πεμπτη 15-18 ','website','scholar');
INSERT INTO professors VALUES ('koukias','Μιχαήλ','Κουκιάς','Καθηγητής','/myDepartment/myresources/prof_pics/koukias_photo.jpg','	Dipl.-El.-Eng. (Patras Univ.), M.Sc. (U.M.I.S.T)','Τομέας Τηλεπικοινωνιών και Τεχνολογίας Πληροφορίας','+302610996475','+302610996185','mkoukias@upatras.gr','Τετάρτη 12-14 Πέμπτη 11-13','website','scholar');
INSERT INTO professors VALUES ('paliouras','Βασίλης','Παλιουράς','Καθηγητής','/myDepartment/myresources/prof_pics/paliouras.png','','Τομέας Ηλεκτρονικής και Υπολογιστών','+30-2610-996446','','paliuras@ece.upatras.gr','Τετάρτη 11:00 - 13:00 Πέμπτη 16:00 - 17:00','website','scholar');
INSERT INTO professors VALUES ('sgarbas','Κυριάκος','Σγάρμπας','Καθηγητής','/myDepartment/myresources/prof_pics/sgarbas_photo.jpg','Διπλ. Ηλ. Μηχ. Δρ Ηλ. Μηχ Παν. Πατρών','Τομέας Τηλεπικοινωνιών και Τεχνολογίας Πληροφορίας','+302610996470','+302610991855','sgarbas@upatras.gr','Ελεύθερες, κατόπιν συνεννόησης μέσω e-mail','website','scholar');
INSERT INTO professors VALUES ('stathopoulou','Πολυξένη','Σταθοπούλου','Καθηγητής','/myDepartment/myresources/prof_pics/stathopoulou_photo.jpg','	B.S., Physics Degree (University of Naples, Italy), Dr.-El.-Eng. (Patras Univ.)','Τομέας Ηλεκτρονικής και Υπολογιστών','+30-2610-996438','+30-2610-996820','pstath@ece.upatras.gr','Πέμπτη 13.00 - 16.00','website','scholar');
INSERT INTO professors VALUES ('daskalakh','Σοφία','Δασκαλάκη','Καθηγητής','/myDepartment/myresources/prof_pics/daskalakh_photo.JPG','Πτυχιούχος Μαθηματικός, Αριστοτέλειο Πανεπιστήμιο, MSc: OregonStateUniversity, Phd: University of Massachusetts','ΓΕΝΙΚΟ ΤΜΗΜΑ','+30261997810','+30261997810','sdask@upatras.gr','Δευτέρα 13:00-14:30 Τρίτη  13:00-14:30','website','scholar');
INSERT INTO professors VALUES ('markakhs','Μιχαήλ','Μαρκάκης','Καθηγητής','/myDepartment/myresources/prof_pics/markakhs_photo.jpg','Πτυχίο - Εθνικό και Καποδιστριακό Πανεπιστήμιο Αθηνών. M.Sc. in Astrophysics and Spartial Techniques  - Université Paris  VII, Διδακτορικό στη Μηχανική-Εφαρμοσμένα Μαθηματικά - Εθνικό Μετσόβιο Πολυτεχνείο, Γενικό Τμήμα, Τομέας','ΓΕΝΙΚΟ ΤΜΗΜΑ','+30 2610962782','','markakis@upatras.gr','Δευτέρα 14.00 – 16.00 Πέμπτη  14.00 – 15.30','website','scholar');
INSERT INTO professors VALUES ('vovos','Παναγής','Βοβός','Καθηγητής','/myDepartment/myresources/prof_pics/vovos_photo.jpg','Dipl.-El.-Eng (Patras University), Ph.D (University of Edinburgh)','Τομέας Συστημάτων Ηλεκτρικής Ενέργειας','+30-2610-969866','+30 2610-996803','panagis@upatras.gr','Δευτέρα 08:30-09:00 Παρασκευη 12:00-13:30','website','scholar');
INSERT INTO professors VALUES ('purgiwth','Ελευθερία','Πυργιώτη','Καθηγητής','/myDepartment/myresources/prof_pics/purgiwth_photo.jpg','Dipl. El. Eng , Dr El. Eng (Univ. of Patras)','Τομέας Συστημάτων Ηλεκτρικής Ενέργειας','+30-2610-996448','+30-2610-997358','E.Pyrgioti@ece.upatras.gr','Τετάρτη 12.00-14.00 Πέμπτη 10.00-12.00','website','scholar');
INSERT INTO professors VALUES ('mhtronikas','Επαμεινώνδας','Μητρονίκας','Καθηγητής','/myDepartment/myresources/prof_pics/mhtronikas_photo.jpg','','Τομέας Συστημάτων Ηλεκτρικής Ενέργειας','+30-2610-996409','+30-2610-997362','e.mitronikas@ece.upatras.gr','Τετάρτη 11:00 - 13:00 Πέμπτη 11:00 - 12:00','website','scholar');
INSERT INTO professors VALUES ('karagiannh','Δέσποινα','Καραγιάννη','Καθηγητής','','','Τμήμα Διοίκησης Επιχειρήσεων','','','','','website','scholar');
INSERT INTO professors VALUES ('gotsh','','Γκότση','Καθηγητής','','','Παιδαγωγικό Τμήμα','','','','','website','scholar');
INSERT INTO professors VALUES ('fakwtakhs','Νίκος','Φακωτάκης','Καθηγητής','/myDepartment/myresources/prof_pics/fakwtakhs_photo.jpg','B.Sc. (Univ. of London), M.Sc. (UMIST), Dr.-El.-Eng. (University of Patras)','Τομέας Τηλεπικοινωνιών και Τεχνολογίας Πληροφορίας','+30-2610-996473','+30-2610-997336','fakotaki@upatras.gr','Τετάρτη 10-12 Πέμπτη 10-12','website','scholar');
INSERT INTO professors VALUES ('antwnakopoulos','Θεόδωρος','Αντωνακόπουλος','Καθηγητής','/myDepartment/myresources/prof_pics/antwnakopoulos_photo.jpg','Dipl.-El.-Eng., Dr.-El.-Eng. (Patras Univ.)','Τομέας Τηλεπικοινωνιών και Τεχνολογίας Πληροφορίας','+30-2610-996487','+30-2610-997342','antonako@upatras.gr','Δευτέρα: 11:00 – 12:30 Παρασκευή: 11:30 – 13:00','website','scholar');
INSERT INTO professors VALUES ('rizomuliwth','','Ριζομυλιώτη','Καθηγητής','','','Παιδαγωγικό Τμήμα','','','','','website','scholar');
INSERT INTO professors VALUES ('groubos','Πέτρος','Γρουμπός','Καθηγητής','/myDepartment/myresources/prof_pics/groubos_photo.jpg','	M.Sc.,Ph.D.(State Univ. of New York at Buffalo)','Τομέας Συστημάτων και Αυτόματου Ελέγχου','+30-2610-996449','+30-2610-996823','groumpos@ece.upatras.gr','Δευτέρα 10:00 - 12:00 Τετάρτη 11:00 - 13:00 Πέμπτη 11:00 - 13:00 Παρασκευή 13:00 - 14:00','website','scholar');
INSERT INTO professors VALUES ('kousoulas','Νίκος','Κούσουλας','Καθηγητής','/myDepartment/myresources/prof_pics/kousoulas_photo.jpg','CES (ENST, Paris), M.S., Engineer, Ph.D (UCLA, Los Angeles)','Τομέας Συστημάτων και Αυτόματου Ελέγχου','+30-2610-996451','','ntk@ece.upatras.gr','Δευτέρα 09:30 - 11:00 Πέμπτη 09:30 - 11:00','website','scholar');
INSERT INTO professors VALUES ('poluzos','Δημοσθένης','Πολύζος','Καθηγητής','/myDepartment/myresources/prof_pics/poluzos_photo.jpg','','Τμήμα Μηχανολόγων Μηχανικών και Αεροναυπηγών','','','','','website','scholar');
INSERT INTO professors VALUES ('skouras','Ελευθέριος','Σκούρας','Αναπληρωτής καθηγητής','','','','','','','','website','scholar');
INSERT INTO professors VALUES ('kapatou','Τζόγια','Καπάτου','Επίκουρος καθηγητής','/myDepartment/myresources/prof_pics/kapatou_photo.jpg','Dipl.-El.-Eng., Dr.-El.-Eng.(Patras Univ.)','Τομέας Συστημάτων Ηλεκτρικής Ενέργειας','	+30-2610-996413','+30-2610-997362','joya@ece.upatras.gr','Τρίτη 12:00-13:00 Πέμπτη 12:00-14:00','website','scholar');
INSERT INTO professors VALUES ('tatakhs','Εμμανουήλ','Τατάκης','Καθηγητής','/myDepartment/myresources/prof_pics/tatakhs_photo.jpg','Dipl.-El.-Eng. (Patras Univ.), Dr en Sc. Appl. (ULB, Belgium)','Τομέας Συστημάτων Ηλεκτρικής Ενέργειας','+302610996412/996415','+30-2610-997362','e.c.tatakis@ece.upatras.gr','Τρίτη 14:00-15:30 Πέμπτη 9.00-11.00 Παρασκευή 12:00-14:00','website','scholar');
INSERT INTO professors VALUES ('koulouridhs','Σταύρος','Κουλουρίζης','Επίκουρος καθηγητής','/myDepartment/myresources/prof_pics/koulouridhs_photo.jpg','Diploma, Dep. of and Computer Engineering, NTUA, Greece. Ph.D. Dep. of Electrical and Computer Engineering, NTUA, Greece.','Τομέας Τηλεπικοινωνιών και Τεχνολογίας Πληροφορίας','+302610996168','+302610997342','koulouridis@ece.upatras.gr','Τρίτη 12.00-14.00 Τετάρτη 16.00-18.00','website','scholar');
INSERT INTO professors VALUES ('zaxarias','Θωμάς','Ζαχαρίας','Αναπληρωτής καθηγητής','/myDepartment/myresources/prof_pics/zaxarias_photo.jpg','Dipl.-El.-Eng., Dr.-El.-Eng. (Patras Univ.)','Τομέας Συστημάτων Ηλεκτρικής Ενέργειας','+30-2610-997363','','zaxarias@ece.upatras.gr','Τετάρτη 10:30-12:00 Πέμπτη 10:30-12:00','website','scholar');
INSERT INTO professors VALUES ('logotheths','Μιχαήλ','Λογοθέτης','Καθηγητής','/myDepartment/myresources/prof_pics/logotheths_photo.jpg','Dipl.-El.-Eng., Dr.-El.-Eng. (Patras Univ.)','ομέας Τηλεπικοινωνιών και Τεχνολογίας Πληροφορίας','+302610996433','+302610991855','mlogo@upatras.gr','Δευτέρα 13:00 - 15:00 Τρίτη 14:00 - 15:00 ή 9:00 - 14:00 αν δεν υπάρχει Γενική Συνέλευση Τμήματος','website','scholar');
INSERT INTO professors VALUES ('kaluvas','Γρηγόριος','Καλύβας','Αναπληρωτής καθηγητής','/myDepartment/myresources/prof_pics/kaluvas_photo.jpg','','Τομέας Ηλεκτρονικής και Υπολογιστών','+30-2610-996424','+30-2610-996818','kalivas@ece.upatras.gr','Δευτέρα 12-1:30  Τετάρτη 17:00-18:30','website','scholar');
INSERT INTO professors VALUES ('kwtsopoulos','Σταύρος','Κωτσόπουλος','Καθηγητής','/myDepartment/myresources/prof_pics/kotsopoulos_photo.jpg','Physics Degree (Univ. of Thessaloniki), Ph.D. (Univ. of Bradford, U.K)','Τομέας Τηλεπικοινωνιών και Τεχνολογίας Πληροφορίας','+302610996466','+302610996811','kotsop@ece.upatras.gr','Δευτέρα: 11:00 - 13:00 Τρίτη: 13:00 - 15:00 Πέμπτη: 10:00 - 12:00','website','scholar');
INSERT INTO professors VALUES ('xousos','Ευθύμιος','Χούσος','Καθηγητής','/myDepartment/myresources/prof_pics/xousos_photo.jpg','	B.Sc., M.Sc., Ph.D., Columbia University, New York City, NY','Τομέας Ηλεκτρονικής και Υπολογιστών','+302610996819/996434','+302610996820','housos@upatras.gr','Δευτέρα 09.00 - 12.00','website','scholar');
INSERT INTO professors VALUES ('maneshs','Σταμάτιος','Μάνεσης','Καθηγητής','/myDepartment/myresources/prof_pics/maneshs_photo.jpg','Dipl.-El.-Eng, Dr.-El.-Eng. (Univ. of Patras)','Τομέας Συστημάτων και Αυτόματου Ελέγχου','+30-2610-996454','+30-2610-991812','stam.manesis@ece.upatras.gr','Δευτέρα 13:00 - 14:00 Τρίτη 15:00 - 16:00 Τετάρτη 13:00 - 14:00','website','scholar');
INSERT INTO professors VALUES ('serpanos','Δημήτριος','Σερπάνος','Καθηγητής','/myDepartment/myresources/prof_pics/serpanos_photo.jpg','Dipl.-El.-Eng. (Comp. Eng.), M.Sc. Ph.D. (Univ. Princeton)','Τομέας Ηλεκτρονικής και Υπολογιστών','+30-2610-996437','','serpanos@ece.upatras.gr','Δευτέρα 9:00 – 10:00 Πέμπτη 12:00 – 14:00','website','scholar');
INSERT INTO professors VALUES ('mpitswrhs','Γεώργιος','Μπιτσώρης','Καθηγητής','/myDepartment/myresources/prof_pics/mpitswrhs_photo.jpg','Dipl.-El.& Mech.-Eng. (NTU Athens), DEA Automatique, Doct. d΄Etat (Univ. Paul Sabatier de Toulouse)','Τομέας Συστημάτων και Αυτόματου Ελέγχου','+30-2610-997298','','bitsoris@ece.upatras.gr','Τετάρτη 12:00 - 13:00 Πέμπτη 10:00 - 12:00','website','scholar');
INSERT INTO professors VALUES ('alexandridhs','Αντώνης','Αλεξανδρίδης','Καθηγητής','/myDepartment/myresources/prof_pics/alexandridhs_photo.jpg','Dipl.-El.-Eng. (Patras University), Ph.D. (W. Virginia University)','Τομέας Συστημάτων Ηλεκτρικής Ενέργειας','+30-2610-996404','+30-2610-996803','a.t.alexandridis@ece.upatras.gr','Τρίτη 13:00-14:00 Τετάρτη 9:30-11:00 Πέμπτη 12:00-13:00','website','scholar');
INSERT INTO professors VALUES ('denazhs','Σπύρος','Δενάζης','Αναπληρωτής καθηγητής','/myDepartment/myresources/prof_pics/denazhs_photo.jpg',' Πτυχίο Μαθηματικού στο Πανεπιστήμιο Ιωαννίνων, Διδακτορικό στο Πανεπιστήμιο Bradford, UK','Τομέας Τηλεπικοινωνιών και Τεχνολογίας Πληροφορίας','+302610996478','+30-2610-991855','sdena@upatras.gr','','website','scholar');
INSERT INTO professors VALUES ('svarnas','Παναγιώτης','Σβάρνας','Αναπληρωτής καθηγητής','','Electrical & Computer Eng. (Degree, Univ. of Patras - GR), Electrical & Computer Engin. (PhD, Univ. of Patras - GR), Physics (PhD, Univ. de Pau et des Pays de l΄Adour - FR)','Τομέας Συστημάτων Ηλεκτρικής Ενέργειας','+30 2610 996417','+30 2610 997358','svarnas@ece.upatras.gr','Δευτέρα 12:00-14:00 Τρίτη 10:00-12:00','website','scholar');
INSERT INTO professors VALUES ('stulianakis','Βασίλειος','Στυλιανάκης','Επίκουρος καθηγητής','/myDepartment/myresources/prof_pics/stulianakhs_photo.jpg','Dipl.-El.-Eng., Dr.-El.-Eng. (Patras Univ.)','Τομέας Τηλεπικοινωνιών και Τεχνολογίας Πληροφορίας','+30-2610-996477','','stylian@upatras.gr','','website','scholar');

INSERT INTO professor_lessons_thisyear VALUES ('perdios','ECE_Y101','1');
INSERT INTO professor_lessons_thisyear VALUES ('kalantonis','ECE_Y101','1');
INSERT INTO professor_lessons_thisyear VALUES ('kounavis','ECE_Y102','1');
INSERT INTO professor_lessons_thisyear VALUES ('kounavis','ECE_Y102Ε','1');
INSERT INTO professor_lessons_thisyear VALUES ('avourhs','ECE_Y103N','1');
INSERT INTO professor_lessons_thisyear VALUES ('koukias','ECE_Y103N','1');
INSERT INTO professor_lessons_thisyear VALUES ('paliouras','ECE_Y103N','1');
INSERT INTO professor_lessons_thisyear VALUES ('sgarbas','ECE_Y103N','1');
INSERT INTO professor_lessons_thisyear VALUES ('stathopoulou','ECE_Y103L','1');
INSERT INTO professor_lessons_thisyear VALUES ('daskalakh','ECE_Y104','1');
INSERT INTO professor_lessons_thisyear VALUES ('markakhs','ECE_Y104','1');
INSERT INTO professor_lessons_thisyear VALUES ('vovos','ECE_Y111','1');
INSERT INTO professor_lessons_thisyear VALUES ('purgiwth','ECE_Y111E','1');
INSERT INTO professor_lessons_thisyear VALUES ('vovos','ECE_Y111E','1');
INSERT INTO professor_lessons_thisyear VALUES ('mhtronikas','ECE_Y111E','1');
INSERT INTO professor_lessons_thisyear VALUES ('karagiannh','ECE_Ε133','1');
INSERT INTO professor_lessons_thisyear VALUES ('gotsh','ECE_Ε138','1');
INSERT INTO professor_lessons_thisyear VALUES ('fakwtakhs','ECE_Y105','1');
INSERT INTO professor_lessons_thisyear VALUES ('antwnakopoulos','ECE_Y105','1');
INSERT INTO professor_lessons_thisyear VALUES ('kounavis','ECE_Y202','1');
INSERT INTO professor_lessons_thisyear VALUES ('kounavis','ECE_Y202E','1');
INSERT INTO professor_lessons_thisyear VALUES ('perdios','ECE_Y201','1');
INSERT INTO professor_lessons_thisyear VALUES ('kalantonis','ECE_Y201','1');
INSERT INTO professor_lessons_thisyear VALUES ('rizomuliwth','ECE_ΞΓ210','1');
INSERT INTO professor_lessons_thisyear VALUES ('kousoulas','ECE_Y302','1');
INSERT INTO professor_lessons_thisyear VALUES ('groubos','ECE_Y302E','1');
INSERT INTO professor_lessons_thisyear VALUES ('poluzos','ECE_Y311','1');
INSERT INTO professor_lessons_thisyear VALUES ('kousoulas','ECE_Y402','1');
INSERT INTO professor_lessons_thisyear VALUES ('groubos','ECE_Y402E','1');
INSERT INTO professor_lessons_thisyear VALUES ('kapatou','ECE_Y505','1');
INSERT INTO professor_lessons_thisyear VALUES ('kapatou','ECE_Y505E','1');
INSERT INTO professor_lessons_thisyear VALUES ('tatakhs','ECE_Y505E','1');
INSERT INTO professor_lessons_thisyear VALUES ('mhtronikas','ECE_Y505E','1');
INSERT INTO professor_lessons_thisyear VALUES ('skouras','ECE_Y501','1');
INSERT INTO professor_lessons_thisyear VALUES ('skouras','ECE_Y601','1');
INSERT INTO professor_lessons_thisyear VALUES ('koulouridhs','ECE_Y601','1');
INSERT INTO professor_lessons_thisyear VALUES ('kapatou','ECE_Y605','1');
INSERT INTO professor_lessons_thisyear VALUES ('kapatou','ECE_Y605E','1');
INSERT INTO professor_lessons_thisyear VALUES ('tatakhs','ECE_Y605E','1');
INSERT INTO professor_lessons_thisyear VALUES ('mhtronikas','ECE_Y605E','1');
INSERT INTO professor_lessons_thisyear VALUES ('zaxarias','ECE_Y605E','1');
INSERT INTO professor_lessons_thisyear VALUES ('logotheths','ECE_Α701','1');
INSERT INTO professor_lessons_thisyear VALUES ('kaluvas','ECE_Α701','1');
INSERT INTO professor_lessons_thisyear VALUES ('kwtsopoulos','ECE_Α706','1');
INSERT INTO professor_lessons_thisyear VALUES ('tatakhs','ECE_Β703','1');
INSERT INTO professor_lessons_thisyear VALUES ('tatakhs','ECE_Β703E','1');
INSERT INTO professor_lessons_thisyear VALUES ('mhtronikas','ECE_Β703E','1');
INSERT INTO professor_lessons_thisyear VALUES ('tatakhs','ECE_Β803','1');
INSERT INTO professor_lessons_thisyear VALUES ('tatakhs','ECE_Β803E','1');
INSERT INTO professor_lessons_thisyear VALUES ('xousos','ECE_Γ802','1');
INSERT INTO professor_lessons_thisyear VALUES ('serpanos','ECE_Γ801','1');
INSERT INTO professor_lessons_thisyear VALUES ('maneshs','ECE_Δ704','1');
INSERT INTO professor_lessons_thisyear VALUES ('mpitswrhs','ECE_Δ801','1');
INSERT INTO professor_lessons_thisyear VALUES ('stulianakis','ECE_Α908','1');
INSERT INTO professor_lessons_thisyear VALUES ('denazhs','ECE_Α005','1');
INSERT INTO professor_lessons_thisyear VALUES ('alexandridhs','ECE_Β911','1');
INSERT INTO professor_lessons_thisyear VALUES ('mhtronikas','ECE_Β911','1');
INSERT INTO professor_lessons_thisyear VALUES ('svarnas','ECE_Β011','1');
INSERT INTO professor_lessons_thisyear VALUES ('serpanos','ECE_Γ910','1');
INSERT INTO professor_lessons_thisyear VALUES ('serpanos','ECE_Γ008','1');
INSERT INTO professor_lessons_thisyear VALUES ('mpitswrhs','ECE_Δ907','1');
INSERT INTO professor_lessons_thisyear VALUES ('maneshs','ECE_Δ001','1');

INSERT INTO relative_courses VALUES ('ECE_Y102','ECE_Y202');
INSERT INTO relative_courses VALUES ('ECE_Y202','ECE_Y102');
INSERT INTO relative_courses VALUES ('ECE_Y302','ECE_Y402');
INSERT INTO relative_courses VALUES ('ECE_Y402','ECE_Y302');
INSERT INTO relative_courses VALUES ('ECE_Y505','ECE_Y605');
INSERT INTO relative_courses VALUES ('ECE_Y605','ECE_Y505');
INSERT INTO relative_courses VALUES ('ECE_Y501','ECE_Y601');
INSERT INTO relative_courses VALUES ('ECE_Y601','ECE_Y501');
INSERT INTO relative_courses VALUES ('ECE_Β703','ECE_Β803');
INSERT INTO relative_courses VALUES ('ECE_Β803','ECE_Β703');

INSERT INTO books VALUES ('9781907575327','English for Electrical Engineering in Higher Education Studies Course Book with audio CDs','Roger H. C. Smith',2014,1,'Ανδρέας Μπέτσης','Σύγγραμμα','/myDepartment/myresources/books_cover/default.png');
INSERT INTO books VALUES ('9789609427289','ΕΦΑΡΜΟΣΜΕΝΑ ΜΑΘΗΜΑΤΙΚΑ','ΜΑΡΚΕΛΛΟΣ ΒΑΣΙΛΕΙΟΣ',2013,1,'ΓΚΟΤΣΗΣ ΚΩΝ/ΝΟΣ & ΣΙΑ Ε.Ε.','Σύγγραμμα','/myDepartment/myresources/books_cover/cover-9789609427289.jpg');
INSERT INTO books VALUES ('978-960-524-7309-70-9','ΓΡΑΜΜΙΚΗ ΑΛΓΕΒΡΑ ΚΑΙ ΕΦΑΡΜΟΓΕΣ','STRANG GILBERT',2009,1,'ΙΔΡΥΜΑ ΤΕΧΝΟΛΟΓΙΑΣ & ΕΡΕΥΝΑΣ-ΠΑΝΕΠΙΣΤΗΜΙΑΚΕΣ ΕΚΔΟΣΕΙΣ ΚΡΗΤΗΣ','Σύγγραμμα','/myDepartment/myresources/books_cover/cover-978-960-524-7309-70-9.jpg');
INSERT INTO books VALUES ('978-960-524-470-5','PYTHON - Εισαγωγή στους υπολογιστές','ΝΙΚΟΛΑΟΣ ΑΒΟΥΡΗΣ, ΜΙΧΑΗΛ ΚΟΥΚΙΑΣ, ΒΑΣΙΛΕΙΟΣ ΠΑΛΙΟΥΡΑΣ, ΚΥΡΙΑΚΟΣ ΣΓΑΡΜΠΑΣ',2016,3,'ΙΔΡΥΜΑ ΤΕΧΝΟΛΟΓΙΑΣ & ΕΡΕΥΝΑΣ-ΠΑΝΕΠΙΣΤΗΜΙΑΚΕΣ ΕΚΔΟΣΕΙΣ ΚΡΗΤΗΣ','Σύγγραμμα','/myDepartment/myresources/books_cover/cover-978-960-524-470-5.png');
INSERT INTO books VALUES ('978-960-418-342-5Α','Φυσική για Επιστήμονες και Μηχανικούς','Giancoli',2011,4,'ΕΚΔΟΣΕΙΣ Α. ΤΖΙΟΛΑ & ΥΙΟΙ Α.Ε.','Τόμος Α','/myDepartment/myresources/books_cover/cover-978-960-418-342-5-Α.jpg');
INSERT INTO books VALUES ('978-960-456-462-0','Τεχνικό Σχέδιο για Ηλεκτρολόγους Μηχανικούς','Βοβός Παναγής, Τοπάλης Ευάγγελος',2016,2,'Ζήτη Πελαγία & Σια Ο.Ε.','Σύγγραμμα','/myDepartment/myresources/books_cover/cover-978-960-456-462-0.jpg');
INSERT INTO books VALUES ('978-960-351-718-4','Αποτελεσματική οργάνωση και διοίκηση πωλήσεων','Αυλωνίτης Γεώργιος Ι., Σταθακόπουλος Βλάσης',2008,2,'ΕΚΔΟΣΕΙΣ ΣΤΑΜΟΥΛΗ ΑΕ','Σύγγραμμα','/myDepartment/myresources/books_cover/cover-978-960-351-718-4.jpg');
INSERT INTO books VALUES ('960-211-292-1','Εισαγωγή στη νεότερη ελληνική λογοτεχνία','Ρόντερικ Μπήτον',2010,2,'Ι. Δουβίτσας & ΣΙΑ Ε.Ε.','Σύγγραμμα','/myDepartment/myresources/books_cover/cover-960-211-292-1.gif');
INSERT INTO books VALUES ('978-960-491-084-7','Ψηφιακή Σχεδίαση','Mano Morris, Ciletti Michael',2013,5,'Α. ΠΑΠΑΣΩΤΗΡΙΟΥ & ΣΙΑ Ι.Κ.Ε.','Σύγγραμμα','/myDepartment/myresources/books_cover/cover-978-960-491-084-7.jpg');
INSERT INTO books VALUES ('978-960-418-342-5Β','Φυσική για Επιστήμονες και Μηχανικούς','Giancoli',2011,4,'ΕΚΔΟΣΕΙΣ Α. ΤΖΙΟΛΑ & ΥΙΟΙ Α.Ε.','Τόμος Β','/myDepartment/myresources/books_cover/cover-978-960-418-342-5-Β.jpg');
INSERT INTO books VALUES ('978-618-80949-1-8','ΜΑΘΗΜΑΤΙΚΕΣ ΜΕΘΟΔΟΙ ΓΙΑ ΜΗΧΑΝΙΚΟΥΣ ΚΑΙ ΕΠΙΣΤΗΜΟΝΕΣ: Λογισμός Συναρτήσεων Πολλών Μεταβλητών και Διανυσματική Ανάλυση.','Παύλος Χατζηκωνσταντίνου',2014,3,'ΠΑΥΛΟΣ ΧΑΤΖΗΚΩΝΣΤΑΝΤΙΝΟΥ','Σύγγραμμα','/myDepartment/myresources/books_cover/cover-978-618-80949-1-8.jpg');
INSERT INTO books VALUES ('978-960-418-202-2','Ανάλυση ηλεκτρικών κυκλωμάτων','Μάργαρης Νίκος Ι.',2010,1,'ΕΚΔΟΣΕΙΣ Α. ΤΖΙΟΛΑ & ΥΙΟΙ Α.Ε.','Σύγγραμμα','/myDepartment/myresources/books_cover/cover-978-960-418-202-2.jpg');
INSERT INTO books VALUES ('978-960-411-332-3','Ταλαντώσεις και κύματα','Παϊπέτης Στέφανος Α.,Πολύζος Δημοσθένης Κ.',2003,1,'ΣΤΕΛΛΑ ΠΑΡΙΚΟΥ & ΣΙΑ ΟΕ','Σύγγραμμα','/myDepartment/myresources/books_cover/cover-978-960-411-332-3.jpg');
INSERT INTO books VALUES ('978-960-418-192-6','Ηλεκτρικές μηχανές ac-dc','Chapman Stephen J.',2009,4,'ΕΚΔΟΣΕΙΣ Α. ΤΖΙΟΛΑ & ΥΙΟΙ Α.Ε.','Σύγγραμμα','/myDepartment/myresources/books_cover/cover-978-960-418-192-6.jpg');
INSERT INTO books VALUES ('978-960-524-381-4','ΕΙΣΑΓΩΓΗ ΣΤΗΝ ΗΛΕΚΤΡΟΔΥΝΑΜΙΚΗ [ΣΕ ΕΝΑΝ ΤΟΜΟ]','GRIFFITHS J. DAVID',2012,1,'ΙΔΡΥΜΑ ΤΕΧΝΟΛΟΓΙΑΣ & ΕΡΕΥΝΑΣ-ΠΑΝΕΠΙΣΤΗΜΙΑΚΕΣ ΕΚΔΟΣΕΙΣ ΚΡΗΤΗΣ','Σύγγραμμα','/myDepartment/myresources/books_cover/cover-978-960-524-381-4.jpg');
INSERT INTO books VALUES ('960-418-085-1','Μικροκύματα','Collin Robert E.',2005,2,'ΕΚΔΟΣΕΙΣ Α. ΤΖΙΟΛΑ & ΥΙΟΙ Α.Ε.','Σύγγραμμα','/myDepartment/myresources/books_cover/cover-960-418-085-1.jpg');
INSERT INTO books VALUES ('978-960-418-250-3','Εισαγωγή στα ηλεκτρονικά ισχύος','Mohan Ned,Undeland Tore A.,Robbins William P.',2010,3,'ΕΚΔΟΣΕΙΣ Α. ΤΖΙΟΛΑ & ΥΙΟΙ Α.Ε.','Σύγγραμμα','/myDepartment/myresources/books_cover/cover-978-960-418-250-3.jpg');
INSERT INTO books VALUES ('978-960-411-509-9','Κεραίες - Ανάλυση και Σχεδίαση','Balanis A. Constantine',2005,1,'ΣΤΕΛΛΑ ΠΑΡΙΚΟΥ & ΣΙΑ ΟΕ','Σύγγραμμα','/myDepartment/myresources/books_cover/cover-978-960-411-509-9.jpg');
INSERT INTO books VALUES ('978-960-418-326-5','Αρχιτεκτονική Υπολογιστών','Hennessy John L., Patterson David A.',2011,4,'ΕΚΔΟΣΕΙΣ Α. ΤΖΙΟΛΑ & ΥΙΟΙ Α.Ε.','Σύγγραμμα','/myDepartment/myresources/books_cover/cover-978-960-418-326-5.jpg');
INSERT INTO books VALUES ('978-960-418-481-1','Λειτουργικά Συστήματα','Stallings William',2014,8,'ΕΚΔΟΣΕΙΣ Α. ΤΖΙΟΛΑ & ΥΙΟΙ Α.Ε.','Σύγγραμμα','/myDepartment/myresources/books_cover/cover-978-960-418-481-1.jpg');
INSERT INTO books VALUES ('960-7219-99-6','Βιομηχανικά ηλεκτρονικά','Petruzella Frank D.',1999,1,'ΕΚΔΟΣΕΙΣ Α. ΤΖΙΟΛΑ & ΥΙΟΙ Α.Ε.','Σύγγραμμα','/myDepartment/myresources/books_cover/cover-960-7219-99-6.jpg');
INSERT INTO books VALUES ('960-91281-0-6','ΕΙΣΑΓΩΓΗ ΣΤΟΝ ΑΥΤΟΜΑΤΟ ΕΛΕΓΧΟ ΤΟΜΟΣ Α: ΘΕΩΡΙΑ','Π. Ν. ΠΑΡΑΣΚΕΥΟΠΟΥΛΟΣ',2001,1,'ΠΑΡΑΣΚΕΥΑΣ ΠΑΡΑΣΚΕΥΟΠΟΥΛΟΣ','Τόμος Α','/myDepartment/myresources/books_cover/cover-960-91281-0-6.jpg');
INSERT INTO books VALUES ('960-209-989-5','ΑΣΥΡΜΑΤΑ ΔΙΚΤΥΑ','P. NICOPOLITIDIS, M. S. OBAIDAT, G. I. PAPADIMITRIOU, A. S. POMPORTSIS',2006,1,'ΕΚΔΟΣΕΙΣ ΚΛΕΙΔΑΡΙΘΜΟΣ ΕΠΕ','Σύγγραμμα','/myDepartment/myresources/books_cover/cover-960-209-989-5.jpg');
INSERT INTO books VALUES ('978-960-461-117-1','ΒΑΣΙΚΕΣ ΑΡΧΕΣ ΑΣΦΑΛΕΙΑΣ ΔΙΚΤΥΩΝ: ΕΦΑΡΜΟΓΕΣ ΚΑΙ ΠΡΟΤΥΠΑ','WILLIAM STALLINGS',2008,3,'ΕΚΔΟΣΕΙΣ ΚΛΕΙΔΑΡΙΘΜΟΣ ΕΠΕ','Σύγγραμμα','/myDepartment/myresources/books_cover/cover-978-960-461-117-1.jpg');
INSERT INTO books VALUES ('978-960-461-266-6','ΔΙΚΤΥΑ ΥΠΟΛΟΓΙΣΤΩΝ: ΜΙΑ ΠΡΟΣΕΓΓΙΣΗ ΑΠΟ ΤΗ ΣΚΟΠΙΑ ΤΩΝ ΣΥΣΤΗΜΑΤΩΝ','LARRY L. PETERSON, BRUCE S. DAVIE',2009,4,'ΕΚΔΟΣΕΙΣ ΚΛΕΙΔΑΡΙΘΜΟΣ ΕΠΕ','Σύγγραμμα','/myDepartment/myresources/books_cover/cover-978-960-461-266-6.jpg');
INSERT INTO books VALUES ('978-960-418-261-9','Υψηλές Τάσεις','Kuffel E., Zangl W.S., Kuffel J.',2010,2,'ΕΚΔΟΣΕΙΣ Α. ΤΖΙΟΛΑ & ΥΙΟΙ Α.Ε.','Σύγγραμμα','/myDepartment/myresources/books_cover/cover-978-960-418-261-9.jpg');

INSERT INTO lesson_book VALUES ('ECE_Y101','9789609427289');
INSERT INTO lesson_book VALUES ('ECE_ΞΓ210','9781907575327');
INSERT INTO lesson_book VALUES ('ECE_Y104','978-960-524-7309-70-9');
INSERT INTO lesson_book VALUES ('ECE_Y103N','978-960-524-470-5');
INSERT INTO lesson_book VALUES ('ECE_Y102','978-960-418-342-5Α');
INSERT INTO lesson_book VALUES ('ECE_Y111','978-960-456-462-0');
INSERT INTO lesson_book VALUES ('ECE_Ε133','978-960-351-718-4');
INSERT INTO lesson_book VALUES ('ECE_Ε138','960-211-292-1');
INSERT INTO lesson_book VALUES ('ECE_Y105','978-960-491-084-7');
INSERT INTO lesson_book VALUES ('ECE_Y202','978-960-418-342-5Β');
INSERT INTO lesson_book VALUES ('ECE_Y201','978-618-80949-1-8');
INSERT INTO lesson_book VALUES ('ECE_Y302','978-960-418-202-2');
INSERT INTO lesson_book VALUES ('ECE_Y311','978-960-411-332-3');
INSERT INTO lesson_book VALUES ('ECE_Y402','978-960-418-202-2');
INSERT INTO lesson_book VALUES ('ECE_Y505','978-960-418-192-6');
INSERT INTO lesson_book VALUES ('ECE_Y501','978-960-524-381-4');
INSERT INTO lesson_book VALUES ('ECE_Y601','978-960-524-381-4');
INSERT INTO lesson_book VALUES ('ECE_Y605','978-960-418-192-6');
INSERT INTO lesson_book VALUES ('ECE_Α701','960-418-085-1');
INSERT INTO lesson_book VALUES ('ECE_Β703','978-960-418-250-3');
INSERT INTO lesson_book VALUES ('ECE_Α706','978-960-411-509-9');
INSERT INTO lesson_book VALUES ('ECE_Β803','978-960-418-250-3');
INSERT INTO lesson_book VALUES ('ECE_Γ801','978-960-418-326-5');
INSERT INTO lesson_book VALUES ('ECE_Γ802','978-960-418-481-1');
INSERT INTO lesson_book VALUES ('ECE_Δ704','960-7219-99-6');
INSERT INTO lesson_book VALUES ('ECE_Δ801','960-91281-0-6');
INSERT INTO lesson_book VALUES ('ECE_Α908','960-209-989-5');
INSERT INTO lesson_book VALUES ('ECE_Γ910','978-960-461-117-1');
INSERT INTO lesson_book VALUES ('ECE_Α005','978-960-461-266-6');
INSERT INTO lesson_book VALUES ('ECE_Β011','978-960-418-261-9');
INSERT INTO lesson_book VALUES ('ECE_Γ008','978-960-461-266-6');

INSERT INTO lessons_labs VALUES ('ECE_Y102','ECE_Y102Ε');
INSERT INTO lessons_labs VALUES ('ECE_Y103N','ECE_Y103L');
INSERT INTO lessons_labs VALUES ('ECE_Y111','ECE_Y111E');
INSERT INTO lessons_labs VALUES ('ECE_Y202','ECE_Y202E');
INSERT INTO lessons_labs VALUES ('ECE_Y302','ECE_Y302E');
INSERT INTO lessons_labs VALUES ('ECE_Y402','ECE_Y402E');
INSERT INTO lessons_labs VALUES ('ECE_Y505','ECE_Y505E');
INSERT INTO lessons_labs VALUES ('ECE_Y605','ECE_Y605E');
INSERT INTO lessons_labs VALUES ('ECE_Β703','ECE_Β703E');
INSERT INTO lessons_labs VALUES ('ECE_Β803','ECE_Β803E');

INSERT INTO Usefull_Documents VALUES
('/myDepartment/myresources/usefull documents/Αίτηση_Γενική.doc','Αίτηση Γενική','general'), 
('/myDepartment/myresources/usefull documents/Υπεύθυνη_Δήλωση_Ν._1599.doc','Υπεύθυνη Δήλωση Ν.1599','general'),
('/myDepartment/myresources/usefull documents/Αίτηση_Αναστολής_Σπουδών.doc','Αίτηση Αναστολής Σπουδών','general'),
('/myDepartment/myresources/usefull documents/Αίτηση_για_επανέκδοση_πάσου-ταυτότητας_2.doc','Αίτηση Επανέκδοσης Φοιτητικής Ταυτότητας - πάσο','general'),
('/myDepartment/myresources/usefull documents/Αίτηση_για_ΕΦΘ.doc','Αίτηση για ΕΦΘ','general'),
('/myDepartment/myresources/usefull documents/Αίτηση_Διπλωματούχου_για_Πιστοποιητικά.doc','Αίτηση Διπλωματούχου για Πιστοποιητικά','general'),
('/myDepartment/myresources/usefull documents/Αίτηση_για_διόρθωση_βαθμολογίας.doc','Αίτηση για διόρθωση βαθμολογίας','general'),
('/myDepartment/myresources/usefull documents/Αίτηση_για_προσθήκη_βαθμολογίας.doc','Αίτηση για προσθήκη βαθμολογίας','general'),
('/myDepartment/myresources/usefull documents/Δήλωση_ΤομέαΕκπν_διπλ.docx','Δήλωση Τομέα Εκπόνησης Διπλωματικής Εργασίας','diplomatic'),
('/myDepartment/myresources/usefull documents/Δήλωση_θέματος_Διπλ_εργασίας3.docx','Έντυπο δήλωσης θέματος διπλωματικής','diplomatic'),
('/myDepartment/myresources/usefull documents/Αίτηση_αλλαγής___διπλωματικής_1.doc','Αίτηση αλλαγής Διπλωματικής Εργασίας','diplomatic'),
('/myDepartment/myresources/usefull documents/Εντυπο_βαθμολόγ_Διπλωμ_Εργασίας.doc','Έντυπο βαθμολόγησης διπλωματικής','diplomatic'),
('/myDepartment/myresources/usefull documents/Δικαιολογητικά_Διαγραφής.doc','Δικαιολογητικά Διαγραφής','delete'),
('/myDepartment/myresources/usefull documents/Υπεύθυνη_Δήλωση_Ν._1599.doc','Υπεύθυνη Δήλωση Ν.1599','delete'),
('/myDepartment/myresources/usefull documents/Αίτηση_Διαγραφής.doc','Αίτηση Διαγραφής','delete'),
('/myDepartment/myresources/usefull documents/Υπεύθυνη_Δήλωση_Ν._1599_για_διαγραφη_μεταπτυχιακου_φοιτητη.docx','Υπεύθυνη Δήλωση Ν. 1599 για διαγραφή μεταπτυχιακού φοιτητή','metaptuxiako'),
('/myDepartment/myresources/usefull documents/Δικαιολογητικά_Διαγραφής_Μεταπτυχιακού_Φοιτητή.docx','Δικαιολογητικά Διαγραφής Μεταπτυχιακού Φοιτητή','metaptuxiako'),
('/myDepartment/myresources/usefull documents/Αίτηση_Διαγραφής_Μεταπτυχιακου_Φοιτητη.docx','Αίτηση Διαγραφής Μεταπτυχιακού Φοιτητή','metaptuxiako'),
('/myDepartment/myresources/usefull documents/αιτηση_για_εκδοση_πιστοποιητικου_διπλωματουχου_μεταπτυχιακου_φοιτητη.docx','Αίτηση για εκδοση πιστοποιητικού διπλωματούχου μεταπτυχιακού φοιτητή','metaptuxiako'),
('/myDepartment/myresources/usefull documents/Δικαιολογητικα_για_Αναγορευση_2.doc','Δικαιολογητικά για Αναγόρευση','didaktoriko'),
('/myDepartment/myresources/usefull documents/αιτηση_για_εκδοση_πιστοποιητικου.docx','Άιτηση για έκδοση πιστοποιητικού','didaktoriko'),
('/myDepartment/myresources/usefull documents/αλλαγη_μαθηματος.docx','Αλλαγή μαθήματος','didaktoriko'),
('/myDepartment/myresources/usefull documents/Αίτηση_Διαγραφής_Διδακτορα.docx','Αίτηση Διαγραφής Διδακτορα','didaktoriko'),
('/myDepartment/myresources/usefull documents/Δικαιολογητικά_Διαγραφής_Υποψήφιου_Διδακτορα.doc','Δικαιολογητικά Διαγραφής Υποψήφιου Διδακτορα','didaktoriko'),
('/myDepartment/myresources/usefull documents/Υπεύθυνη_Δήλωση_Ν._1599_για_διαγραφη_υποψηφιου_διδακτορα.doc','Υπεύθυνη Δήλωση Ν.1599 για διαγραφή υποψηφίου διδάκτορα','didaktoriko');


